vtx-E06-n78-n6-n4	Δ = -78	bi.bi = -6	b0.bi = -4	
vtx-E06-n51-n5-n3	Δ = -51	bi.bi = -5	b0.bi = -3	1 x (irr-E6-27)
vtx-E06-n24-n4-n2	Δ = -24	bi.bi = -4	b0.bi = -2	2 x (irr-E6-27)
vtx-E06-0-0-0	Δ = 0	bi.bi = 0	b0.bi = 0	1 x (irr-E6-78)
vtx-E06-3-n3-n1	Δ = 3	bi.bi = -3	b0.bi = -1	3 x (irr-E6-27)
vtx-E06-30-n2-0	Δ = 30	bi.bi = -2	b0.bi = 0	4 x (irr-E6-27)
vtx-E06-57-n1-1	Δ = 57	bi.bi = -1	b0.bi = 1	5 x (irr-E6-27)
vtx-E06-84-0-2	Δ = 84	bi.bi = 0	b0.bi = 2	6 x (irr-E6-27)
vtx-E06-27-1-1	Δ = 27	bi.bi = 1	b0.bi = 1	1 x (irr-E6-27) + 1 x (irr-E6-78)
vtx-E06-54-2-2	Δ = 54	bi.bi = 2	b0.bi = 2	2 x (irr-E6-27) + 1 x (irr-E6-78)
vtx-E06-78-6-4	Δ = 78	bi.bi = 6	b0.bi = 4	2 x (irr-E6-78)
vtx-E06-81-3-3	Δ = 81	bi.bi = 3	b0.bi = 3	3 x (irr-E6-27) + 1 x (irr-E6-78)
vtx-E06-105-7-5	Δ = 105	bi.bi = 7	b0.bi = 5	1 x (irr-E6-27) + 2 x (irr-E6-78)
vtx-E06-108-4-4	Δ = 108	bi.bi = 4	b0.bi = 4	4 x (irr-E6-27) + 1 x (irr-E6-78)
vtx-E06-111-1-3	Δ = 111	bi.bi = 1	b0.bi = 3	7 x (irr-E6-27)
vtx-E06-132-8-6	Δ = 132	bi.bi = 8	b0.bi = 6	2 x (irr-E6-27) + 2 x (irr-E6-78)
vtx-E06-135-5-5	Δ = 135	bi.bi = 5	b0.bi = 5	5 x (irr-E6-27) + 1 x (irr-E6-78)
vtx-E06-138-2-4	Δ = 138	bi.bi = 2	b0.bi = 4	8 x (irr-E6-27)
vtx-E06-156-12-8	Δ = 156	bi.bi = 12	b0.bi = 8	3 x (irr-E6-78)
vtx-E06-159-9-7	Δ = 159	bi.bi = 9	b0.bi = 7	3 x (irr-E6-27) + 2 x (irr-E6-78)
vtx-E06-162-6-6	Δ = 162	bi.bi = 6	b0.bi = 6	6 x (irr-E6-27) + 1 x (irr-E6-78)
vtx-E06-165-3-5	Δ = 165	bi.bi = 3	b0.bi = 5	9 x (irr-E6-27)
vtx-E06-183-13-9	Δ = 183	bi.bi = 13	b0.bi = 9	1 x (irr-E6-27) + 3 x (irr-E6-78)
vtx-E06-186-10-8	Δ = 186	bi.bi = 10	b0.bi = 8	4 x (irr-E6-27) + 2 x (irr-E6-78)
vtx-E06-189-7-7	Δ = 189	bi.bi = 7	b0.bi = 7	7 x (irr-E6-27) + 1 x (irr-E6-78)
vtx-E06-192-4-6	Δ = 192	bi.bi = 4	b0.bi = 6	10 x (irr-E6-27)
vtx-E06-210-14-10	Δ = 210	bi.bi = 14	b0.bi = 10	2 x (irr-E6-27) + 3 x (irr-E6-78)
vtx-E06-213-11-9	Δ = 213	bi.bi = 11	b0.bi = 9	5 x (irr-E6-27) + 2 x (irr-E6-78)
vtx-E06-216-8-8	Δ = 216	bi.bi = 8	b0.bi = 8	8 x (irr-E6-27) + 1 x (irr-E6-78)
vtx-E06-219-5-7	Δ = 219	bi.bi = 5	b0.bi = 7	11 x (irr-E6-27)
vtx-E06-234-18-12	Δ = 234	bi.bi = 18	b0.bi = 12	4 x (irr-E6-78)
vtx-E06-237-15-11	Δ = 237	bi.bi = 15	b0.bi = 11	3 x (irr-E6-27) + 3 x (irr-E6-78)
vtx-E06-240-12-10	Δ = 240	bi.bi = 12	b0.bi = 10	6 x (irr-E6-27) + 2 x (irr-E6-78)
vtx-E06-243-9-9	Δ = 243	bi.bi = 9	b0.bi = 9	9 x (irr-E6-27) + 1 x (irr-E6-78)
vtx-E06-246-6-8	Δ = 246	bi.bi = 6	b0.bi = 8	12 x (irr-E6-27)
vtx-E06-261-19-13	Δ = 261	bi.bi = 19	b0.bi = 13	1 x (irr-E6-27) + 4 x (irr-E6-78)
vtx-E06-264-16-12	Δ = 264	bi.bi = 16	b0.bi = 12	4 x (irr-E6-27) + 3 x (irr-E6-78)
vtx-E06-267-13-11	Δ = 267	bi.bi = 13	b0.bi = 11	7 x (irr-E6-27) + 2 x (irr-E6-78)
vtx-E06-270-10-10	Δ = 270	bi.bi = 10	b0.bi = 10	10 x (irr-E6-27) + 1 x (irr-E6-78)
vtx-E06-273-7-9	Δ = 273	bi.bi = 7	b0.bi = 9	13 x (irr-E6-27)
vtx-E06-273-49-21	Δ = 273	bi.bi = 49	b0.bi = 21	1 x (irr-E6-351a)
vtx-E06-273-64-24	Δ = 273	bi.bi = 64	b0.bi = 24	1 x (irr-E6-351b)
vtx-E06-288-20-14	Δ = 288	bi.bi = 20	b0.bi = 14	2 x (irr-E6-27) + 4 x (irr-E6-78)
vtx-E06-291-17-13	Δ = 291	bi.bi = 17	b0.bi = 13	5 x (irr-E6-27) + 3 x (irr-E6-78)
vtx-E06-294-14-12	Δ = 294	bi.bi = 14	b0.bi = 12	8 x (irr-E6-27) + 2 x (irr-E6-78)
vtx-E06-297-11-11	Δ = 297	bi.bi = 11	b0.bi = 11	11 x (irr-E6-27) + 1 x (irr-E6-78)
vtx-E06-300-8-10	Δ = 300	bi.bi = 8	b0.bi = 10	14 x (irr-E6-27)
vtx-E06-300-50-22	Δ = 300	bi.bi = 50	b0.bi = 22	1 x (irr-E6-27) + 1 x (irr-E6-351a)
vtx-E06-300-65-25	Δ = 300	bi.bi = 65	b0.bi = 25	1 x (irr-E6-27) + 1 x (irr-E6-351b)
vtx-E06-312-24-16	Δ = 312	bi.bi = 24	b0.bi = 16	5 x (irr-E6-78)
vtx-E06-315-21-15	Δ = 315	bi.bi = 21	b0.bi = 15	3 x (irr-E6-27) + 4 x (irr-E6-78)
vtx-E06-318-18-14	Δ = 318	bi.bi = 18	b0.bi = 14	6 x (irr-E6-27) + 3 x (irr-E6-78)
vtx-E06-321-15-13	Δ = 321	bi.bi = 15	b0.bi = 13	9 x (irr-E6-27) + 2 x (irr-E6-78)
vtx-E06-324-12-12	Δ = 324	bi.bi = 12	b0.bi = 12	12 x (irr-E6-27) + 1 x (irr-E6-78)
vtx-E06-327-9-11	Δ = 327	bi.bi = 9	b0.bi = 11	15 x (irr-E6-27)
vtx-E06-327-51-23	Δ = 327	bi.bi = 51	b0.bi = 23	2 x (irr-E6-27) + 1 x (irr-E6-351a)
vtx-E06-327-66-26	Δ = 327	bi.bi = 66	b0.bi = 26	2 x (irr-E6-27) + 1 x (irr-E6-351b)
vtx-E06-339-25-17	Δ = 339	bi.bi = 25	b0.bi = 17	1 x (irr-E6-27) + 5 x (irr-E6-78)
vtx-E06-342-22-16	Δ = 342	bi.bi = 22	b0.bi = 16	4 x (irr-E6-27) + 4 x (irr-E6-78)
vtx-E06-345-19-15	Δ = 345	bi.bi = 19	b0.bi = 15	7 x (irr-E6-27) + 3 x (irr-E6-78)
vtx-E06-348-16-14	Δ = 348	bi.bi = 16	b0.bi = 14	10 x (irr-E6-27) + 2 x (irr-E6-78)
vtx-E06-351-13-13	Δ = 351	bi.bi = 13	b0.bi = 13	13 x (irr-E6-27) + 1 x (irr-E6-78)
vtx-E06-351-55-25	Δ = 351	bi.bi = 55	b0.bi = 25	1 x (irr-E6-78) + 1 x (irr-E6-351a)
vtx-E06-351-70-28	Δ = 351	bi.bi = 70	b0.bi = 28	1 x (irr-E6-78) + 1 x (irr-E6-351b)
vtx-E06-354-10-12	Δ = 354	bi.bi = 10	b0.bi = 12	16 x (irr-E6-27)
vtx-E06-354-52-24	Δ = 354	bi.bi = 52	b0.bi = 24	3 x (irr-E6-27) + 1 x (irr-E6-351a)
vtx-E06-354-67-27	Δ = 354	bi.bi = 67	b0.bi = 27	3 x (irr-E6-27) + 1 x (irr-E6-351b)
vtx-E06-366-26-18	Δ = 366	bi.bi = 26	b0.bi = 18	2 x (irr-E6-27) + 5 x (irr-E6-78)
vtx-E06-369-23-17	Δ = 369	bi.bi = 23	b0.bi = 17	5 x (irr-E6-27) + 4 x (irr-E6-78)
vtx-E06-372-20-16	Δ = 372	bi.bi = 20	b0.bi = 16	8 x (irr-E6-27) + 3 x (irr-E6-78)
vtx-E06-375-17-15	Δ = 375	bi.bi = 17	b0.bi = 15	11 x (irr-E6-27) + 2 x (irr-E6-78)
vtx-E06-378-14-14	Δ = 378	bi.bi = 14	b0.bi = 14	14 x (irr-E6-27) + 1 x (irr-E6-78)
vtx-E06-378-56-26	Δ = 378	bi.bi = 56	b0.bi = 26	1 x (irr-E6-27) + 1 x (irr-E6-78) + 1 x (irr-E6-351a)
vtx-E06-378-71-29	Δ = 378	bi.bi = 71	b0.bi = 29	1 x (irr-E6-27) + 1 x (irr-E6-78) + 1 x (irr-E6-351b)
vtx-E06-381-11-13	Δ = 381	bi.bi = 11	b0.bi = 13	17 x (irr-E6-27)
vtx-E06-381-53-25	Δ = 381	bi.bi = 53	b0.bi = 25	4 x (irr-E6-27) + 1 x (irr-E6-351a)
vtx-E06-381-68-28	Δ = 381	bi.bi = 68	b0.bi = 28	4 x (irr-E6-27) + 1 x (irr-E6-351b)
vtx-E06-390-30-20	Δ = 390	bi.bi = 30	b0.bi = 20	6 x (irr-E6-78)
vtx-E06-393-27-19	Δ = 393	bi.bi = 27	b0.bi = 19	3 x (irr-E6-27) + 5 x (irr-E6-78)
vtx-E06-396-24-18	Δ = 396	bi.bi = 24	b0.bi = 18	6 x (irr-E6-27) + 4 x (irr-E6-78)
vtx-E06-399-21-17	Δ = 399	bi.bi = 21	b0.bi = 17	9 x (irr-E6-27) + 3 x (irr-E6-78)
vtx-E06-402-18-16	Δ = 402	bi.bi = 18	b0.bi = 16	12 x (irr-E6-27) + 2 x (irr-E6-78)
vtx-E06-405-15-15	Δ = 405	bi.bi = 15	b0.bi = 15	15 x (irr-E6-27) + 1 x (irr-E6-78)
vtx-E06-405-57-27	Δ = 405	bi.bi = 57	b0.bi = 27	2 x (irr-E6-27) + 1 x (irr-E6-78) + 1 x (irr-E6-351a)
vtx-E06-405-72-30	Δ = 405	bi.bi = 72	b0.bi = 30	2 x (irr-E6-27) + 1 x (irr-E6-78) + 1 x (irr-E6-351b)
vtx-E06-408-12-14	Δ = 408	bi.bi = 12	b0.bi = 14	18 x (irr-E6-27)
vtx-E06-408-54-26	Δ = 408	bi.bi = 54	b0.bi = 26	5 x (irr-E6-27) + 1 x (irr-E6-351a)
vtx-E06-408-69-29	Δ = 408	bi.bi = 69	b0.bi = 29	5 x (irr-E6-27) + 1 x (irr-E6-351b)
vtx-E06-417-31-21	Δ = 417	bi.bi = 31	b0.bi = 21	1 x (irr-E6-27) + 6 x (irr-E6-78)
vtx-E06-420-28-20	Δ = 420	bi.bi = 28	b0.bi = 20	4 x (irr-E6-27) + 5 x (irr-E6-78)
vtx-E06-423-25-19	Δ = 423	bi.bi = 25	b0.bi = 19	7 x (irr-E6-27) + 4 x (irr-E6-78)
vtx-E06-426-22-18	Δ = 426	bi.bi = 22	b0.bi = 18	10 x (irr-E6-27) + 3 x (irr-E6-78)
vtx-E06-429-19-17	Δ = 429	bi.bi = 19	b0.bi = 17	13 x (irr-E6-27) + 2 x (irr-E6-78)
vtx-E06-429-61-29	Δ = 429	bi.bi = 61	b0.bi = 29	2 x (irr-E6-78) + 1 x (irr-E6-351a)
vtx-E06-429-76-32	Δ = 429	bi.bi = 76	b0.bi = 32	2 x (irr-E6-78) + 1 x (irr-E6-351b)
vtx-E06-432-16-16	Δ = 432	bi.bi = 16	b0.bi = 16	16 x (irr-E6-27) + 1 x (irr-E6-78)
vtx-E06-432-58-28	Δ = 432	bi.bi = 58	b0.bi = 28	3 x (irr-E6-27) + 1 x (irr-E6-78) + 1 x (irr-E6-351a)
vtx-E06-432-73-31	Δ = 432	bi.bi = 73	b0.bi = 31	3 x (irr-E6-27) + 1 x (irr-E6-78) + 1 x (irr-E6-351b)
vtx-E06-435-13-15	Δ = 435	bi.bi = 13	b0.bi = 15	19 x (irr-E6-27)
vtx-E06-435-55-27	Δ = 435	bi.bi = 55	b0.bi = 27	6 x (irr-E6-27) + 1 x (irr-E6-351a)
vtx-E06-435-70-30	Δ = 435	bi.bi = 70	b0.bi = 30	6 x (irr-E6-27) + 1 x (irr-E6-351b)
vtx-E06-444-32-22	Δ = 444	bi.bi = 32	b0.bi = 22	2 x (irr-E6-27) + 6 x (irr-E6-78)
vtx-E06-447-29-21	Δ = 447	bi.bi = 29	b0.bi = 21	5 x (irr-E6-27) + 5 x (irr-E6-78)
vtx-E06-450-26-20	Δ = 450	bi.bi = 26	b0.bi = 20	8 x (irr-E6-27) + 4 x (irr-E6-78)
vtx-E06-453-23-19	Δ = 453	bi.bi = 23	b0.bi = 19	11 x (irr-E6-27) + 3 x (irr-E6-78)
vtx-E06-456-20-18	Δ = 456	bi.bi = 20	b0.bi = 18	14 x (irr-E6-27) + 2 x (irr-E6-78)
vtx-E06-456-62-30	Δ = 456	bi.bi = 62	b0.bi = 30	1 x (irr-E6-27) + 2 x (irr-E6-78) + 1 x (irr-E6-351a)
vtx-E06-456-77-33	Δ = 456	bi.bi = 77	b0.bi = 33	1 x (irr-E6-27) + 2 x (irr-E6-78) + 1 x (irr-E6-351b)
vtx-E06-459-17-17	Δ = 459	bi.bi = 17	b0.bi = 17	17 x (irr-E6-27) + 1 x (irr-E6-78)
vtx-E06-459-59-29	Δ = 459	bi.bi = 59	b0.bi = 29	4 x (irr-E6-27) + 1 x (irr-E6-78) + 1 x (irr-E6-351a)
vtx-E06-459-74-32	Δ = 459	bi.bi = 74	b0.bi = 32	4 x (irr-E6-27) + 1 x (irr-E6-78) + 1 x (irr-E6-351b)
vtx-E06-462-14-16	Δ = 462	bi.bi = 14	b0.bi = 16	20 x (irr-E6-27)
vtx-E06-462-56-28	Δ = 462	bi.bi = 56	b0.bi = 28	7 x (irr-E6-27) + 1 x (irr-E6-351a)
vtx-E06-462-71-31	Δ = 462	bi.bi = 71	b0.bi = 31	7 x (irr-E6-27) + 1 x (irr-E6-351b)
vtx-E06-468-36-24	Δ = 468	bi.bi = 36	b0.bi = 24	7 x (irr-E6-78)
vtx-E06-471-33-23	Δ = 471	bi.bi = 33	b0.bi = 23	3 x (irr-E6-27) + 6 x (irr-E6-78)
vtx-E06-474-30-22	Δ = 474	bi.bi = 30	b0.bi = 22	6 x (irr-E6-27) + 5 x (irr-E6-78)
vtx-E06-477-27-21	Δ = 477	bi.bi = 27	b0.bi = 21	9 x (irr-E6-27) + 4 x (irr-E6-78)
vtx-E06-480-24-20	Δ = 480	bi.bi = 24	b0.bi = 20	12 x (irr-E6-27) + 3 x (irr-E6-78)
vtx-E06-483-21-19	Δ = 483	bi.bi = 21	b0.bi = 19	15 x (irr-E6-27) + 2 x (irr-E6-78)
vtx-E06-483-63-31	Δ = 483	bi.bi = 63	b0.bi = 31	2 x (irr-E6-27) + 2 x (irr-E6-78) + 1 x (irr-E6-351a)
vtx-E06-483-78-34	Δ = 483	bi.bi = 78	b0.bi = 34	2 x (irr-E6-27) + 2 x (irr-E6-78) + 1 x (irr-E6-351b)
vtx-E06-486-18-18	Δ = 486	bi.bi = 18	b0.bi = 18	18 x (irr-E6-27) + 1 x (irr-E6-78)
vtx-E06-486-60-30	Δ = 486	bi.bi = 60	b0.bi = 30	5 x (irr-E6-27) + 1 x (irr-E6-78) + 1 x (irr-E6-351a)
vtx-E06-486-75-33	Δ = 486	bi.bi = 75	b0.bi = 33	5 x (irr-E6-27) + 1 x (irr-E6-78) + 1 x (irr-E6-351b)
vtx-E06-489-15-17	Δ = 489	bi.bi = 15	b0.bi = 17	21 x (irr-E6-27)
vtx-E06-489-57-29	Δ = 489	bi.bi = 57	b0.bi = 29	8 x (irr-E6-27) + 1 x (irr-E6-351a)
vtx-E06-489-72-32	Δ = 489	bi.bi = 72	b0.bi = 32	8 x (irr-E6-27) + 1 x (irr-E6-351b)
vtx-E06-495-37-25	Δ = 495	bi.bi = 37	b0.bi = 25	1 x (irr-E6-27) + 7 x (irr-E6-78)
vtx-E06-498-34-24	Δ = 498	bi.bi = 34	b0.bi = 24	4 x (irr-E6-27) + 6 x (irr-E6-78)
vtx-E06-501-31-23	Δ = 501	bi.bi = 31	b0.bi = 23	7 x (irr-E6-27) + 5 x (irr-E6-78)
vtx-E06-504-28-22	Δ = 504	bi.bi = 28	b0.bi = 22	10 x (irr-E6-27) + 4 x (irr-E6-78)
vtx-E06-507-25-21	Δ = 507	bi.bi = 25	b0.bi = 21	13 x (irr-E6-27) + 3 x (irr-E6-78)
vtx-E06-507-67-33	Δ = 507	bi.bi = 67	b0.bi = 33	3 x (irr-E6-78) + 1 x (irr-E6-351a)
vtx-E06-507-82-36	Δ = 507	bi.bi = 82	b0.bi = 36	3 x (irr-E6-78) + 1 x (irr-E6-351b)
vtx-E06-510-22-20	Δ = 510	bi.bi = 22	b0.bi = 20	16 x (irr-E6-27) + 2 x (irr-E6-78)
vtx-E06-510-64-32	Δ = 510	bi.bi = 64	b0.bi = 32	3 x (irr-E6-27) + 2 x (irr-E6-78) + 1 x (irr-E6-351a)
vtx-E06-510-79-35	Δ = 510	bi.bi = 79	b0.bi = 35	3 x (irr-E6-27) + 2 x (irr-E6-78) + 1 x (irr-E6-351b)
vtx-E06-513-19-19	Δ = 513	bi.bi = 19	b0.bi = 19	19 x (irr-E6-27) + 1 x (irr-E6-78)
vtx-E06-513-61-31	Δ = 513	bi.bi = 61	b0.bi = 31	6 x (irr-E6-27) + 1 x (irr-E6-78) + 1 x (irr-E6-351a)
vtx-E06-513-76-34	Δ = 513	bi.bi = 76	b0.bi = 34	6 x (irr-E6-27) + 1 x (irr-E6-78) + 1 x (irr-E6-351b)
vtx-E06-516-16-18	Δ = 516	bi.bi = 16	b0.bi = 18	22 x (irr-E6-27)
vtx-E06-516-58-30	Δ = 516	bi.bi = 58	b0.bi = 30	9 x (irr-E6-27) + 1 x (irr-E6-351a)
vtx-E06-516-73-33	Δ = 516	bi.bi = 73	b0.bi = 33	9 x (irr-E6-27) + 1 x (irr-E6-351b)
vtx-E06-522-38-26	Δ = 522	bi.bi = 38	b0.bi = 26	2 x (irr-E6-27) + 7 x (irr-E6-78)
vtx-E06-525-35-25	Δ = 525	bi.bi = 35	b0.bi = 25	5 x (irr-E6-27) + 6 x (irr-E6-78)
vtx-E06-528-32-24	Δ = 528	bi.bi = 32	b0.bi = 24	8 x (irr-E6-27) + 5 x (irr-E6-78)
vtx-E06-531-29-23	Δ = 531	bi.bi = 29	b0.bi = 23	11 x (irr-E6-27) + 4 x (irr-E6-78)
vtx-E06-534-26-22	Δ = 534	bi.bi = 26	b0.bi = 22	14 x (irr-E6-27) + 3 x (irr-E6-78)
vtx-E06-534-68-34	Δ = 534	bi.bi = 68	b0.bi = 34	1 x (irr-E6-27) + 3 x (irr-E6-78) + 1 x (irr-E6-351a)
vtx-E06-534-83-37	Δ = 534	bi.bi = 83	b0.bi = 37	1 x (irr-E6-27) + 3 x (irr-E6-78) + 1 x (irr-E6-351b)
vtx-E06-537-23-21	Δ = 537	bi.bi = 23	b0.bi = 21	17 x (irr-E6-27) + 2 x (irr-E6-78)
vtx-E06-537-65-33	Δ = 537	bi.bi = 65	b0.bi = 33	4 x (irr-E6-27) + 2 x (irr-E6-78) + 1 x (irr-E6-351a)
vtx-E06-537-80-36	Δ = 537	bi.bi = 80	b0.bi = 36	4 x (irr-E6-27) + 2 x (irr-E6-78) + 1 x (irr-E6-351b)
vtx-E06-540-20-20	Δ = 540	bi.bi = 20	b0.bi = 20	20 x (irr-E6-27) + 1 x (irr-E6-78)
vtx-E06-540-62-32	Δ = 540	bi.bi = 62	b0.bi = 32	7 x (irr-E6-27) + 1 x (irr-E6-78) + 1 x (irr-E6-351a)
vtx-E06-540-77-35	Δ = 540	bi.bi = 77	b0.bi = 35	7 x (irr-E6-27) + 1 x (irr-E6-78) + 1 x (irr-E6-351b)
vtx-E06-543-17-19	Δ = 543	bi.bi = 17	b0.bi = 19	23 x (irr-E6-27)
vtx-E06-543-59-31	Δ = 543	bi.bi = 59	b0.bi = 31	10 x (irr-E6-27) + 1 x (irr-E6-351a)
vtx-E06-543-74-34	Δ = 543	bi.bi = 74	b0.bi = 34	10 x (irr-E6-27) + 1 x (irr-E6-351b)
vtx-E06-546-42-28	Δ = 546	bi.bi = 42	b0.bi = 28	8 x (irr-E6-78)
vtx-E06-549-39-27	Δ = 549	bi.bi = 39	b0.bi = 27	3 x (irr-E6-27) + 7 x (irr-E6-78)
vtx-E06-552-36-26	Δ = 552	bi.bi = 36	b0.bi = 26	6 x (irr-E6-27) + 6 x (irr-E6-78)
vtx-E06-555-33-25	Δ = 555	bi.bi = 33	b0.bi = 25	9 x (irr-E6-27) + 5 x (irr-E6-78)
vtx-E06-558-30-24	Δ = 558	bi.bi = 30	b0.bi = 24	12 x (irr-E6-27) + 4 x (irr-E6-78)
vtx-E06-561-27-23	Δ = 561	bi.bi = 27	b0.bi = 23	15 x (irr-E6-27) + 3 x (irr-E6-78)
vtx-E06-561-69-35	Δ = 561	bi.bi = 69	b0.bi = 35	2 x (irr-E6-27) + 3 x (irr-E6-78) + 1 x (irr-E6-351a)
vtx-E06-561-84-38	Δ = 561	bi.bi = 84	b0.bi = 38	2 x (irr-E6-27) + 3 x (irr-E6-78) + 1 x (irr-E6-351b)
vtx-E06-564-24-22	Δ = 564	bi.bi = 24	b0.bi = 22	18 x (irr-E6-27) + 2 x (irr-E6-78)
vtx-E06-564-66-34	Δ = 564	bi.bi = 66	b0.bi = 34	5 x (irr-E6-27) + 2 x (irr-E6-78) + 1 x (irr-E6-351a)
vtx-E06-564-81-37	Δ = 564	bi.bi = 81	b0.bi = 37	5 x (irr-E6-27) + 2 x (irr-E6-78) + 1 x (irr-E6-351b)
vtx-E06-567-21-21	Δ = 567	bi.bi = 21	b0.bi = 21	21 x (irr-E6-27) + 1 x (irr-E6-78)
vtx-E06-567-63-33	Δ = 567	bi.bi = 63	b0.bi = 33	8 x (irr-E6-27) + 1 x (irr-E6-78) + 1 x (irr-E6-351a)
vtx-E06-567-78-36	Δ = 567	bi.bi = 78	b0.bi = 36	8 x (irr-E6-27) + 1 x (irr-E6-78) + 1 x (irr-E6-351b)
vtx-E06-570-18-20	Δ = 570	bi.bi = 18	b0.bi = 20	24 x (irr-E6-27)
vtx-E06-570-60-32	Δ = 570	bi.bi = 60	b0.bi = 32	11 x (irr-E6-27) + 1 x (irr-E6-351a)
vtx-E06-570-75-35	Δ = 570	bi.bi = 75	b0.bi = 35	11 x (irr-E6-27) + 1 x (irr-E6-351b)
vtx-E06-572-114-46	Δ = 572	bi.bi = 114	b0.bi = 46	1 x (irr-E6-650)
vtx-E06-573-43-29	Δ = 573	bi.bi = 43	b0.bi = 29	1 x (irr-E6-27) + 8 x (irr-E6-78)
vtx-E06-576-40-28	Δ = 576	bi.bi = 40	b0.bi = 28	4 x (irr-E6-27) + 7 x (irr-E6-78)
vtx-E06-579-37-27	Δ = 579	bi.bi = 37	b0.bi = 27	7 x (irr-E6-27) + 6 x (irr-E6-78)
vtx-E06-582-34-26	Δ = 582	bi.bi = 34	b0.bi = 26	10 x (irr-E6-27) + 5 x (irr-E6-78)
vtx-E06-585-31-25	Δ = 585	bi.bi = 31	b0.bi = 25	13 x (irr-E6-27) + 4 x (irr-E6-78)
vtx-E06-585-73-37	Δ = 585	bi.bi = 73	b0.bi = 37	4 x (irr-E6-78) + 1 x (irr-E6-351a)
vtx-E06-585-88-40	Δ = 585	bi.bi = 88	b0.bi = 40	4 x (irr-E6-78) + 1 x (irr-E6-351b)
vtx-E06-588-28-24	Δ = 588	bi.bi = 28	b0.bi = 24	16 x (irr-E6-27) + 3 x (irr-E6-78)
vtx-E06-588-70-36	Δ = 588	bi.bi = 70	b0.bi = 36	3 x (irr-E6-27) + 3 x (irr-E6-78) + 1 x (irr-E6-351a)
vtx-E06-588-85-39	Δ = 588	bi.bi = 85	b0.bi = 39	3 x (irr-E6-27) + 3 x (irr-E6-78) + 1 x (irr-E6-351b)
vtx-E06-591-25-23	Δ = 591	bi.bi = 25	b0.bi = 23	19 x (irr-E6-27) + 2 x (irr-E6-78)
vtx-E06-591-67-35	Δ = 591	bi.bi = 67	b0.bi = 35	6 x (irr-E6-27) + 2 x (irr-E6-78) + 1 x (irr-E6-351a)
vtx-E06-591-82-38	Δ = 591	bi.bi = 82	b0.bi = 38	6 x (irr-E6-27) + 2 x (irr-E6-78) + 1 x (irr-E6-351b)
vtx-E06-594-22-22	Δ = 594	bi.bi = 22	b0.bi = 22	22 x (irr-E6-27) + 1 x (irr-E6-78)
vtx-E06-594-64-34	Δ = 594	bi.bi = 64	b0.bi = 34	9 x (irr-E6-27) + 1 x (irr-E6-78) + 1 x (irr-E6-351a)
vtx-E06-594-79-37	Δ = 594	bi.bi = 79	b0.bi = 37	9 x (irr-E6-27) + 1 x (irr-E6-78) + 1 x (irr-E6-351b)
vtx-E06-597-19-21	Δ = 597	bi.bi = 19	b0.bi = 21	25 x (irr-E6-27)
vtx-E06-597-61-33	Δ = 597	bi.bi = 61	b0.bi = 33	12 x (irr-E6-27) + 1 x (irr-E6-351a)
vtx-E06-597-76-36	Δ = 597	bi.bi = 76	b0.bi = 36	12 x (irr-E6-27) + 1 x (irr-E6-351b)
vtx-E06-599-115-47	Δ = 599	bi.bi = 115	b0.bi = 47	1 x (irr-E6-27) + 1 x (irr-E6-650)
vtx-E06-600-44-30	Δ = 600	bi.bi = 44	b0.bi = 30	2 x (irr-E6-27) + 8 x (irr-E6-78)
vtx-E06-603-41-29	Δ = 603	bi.bi = 41	b0.bi = 29	5 x (irr-E6-27) + 7 x (irr-E6-78)
vtx-E06-606-38-28	Δ = 606	bi.bi = 38	b0.bi = 28	8 x (irr-E6-27) + 6 x (irr-E6-78)
vtx-E06-609-35-27	Δ = 609	bi.bi = 35	b0.bi = 27	11 x (irr-E6-27) + 5 x (irr-E6-78)
vtx-E06-612-32-26	Δ = 612	bi.bi = 32	b0.bi = 26	14 x (irr-E6-27) + 4 x (irr-E6-78)
vtx-E06-612-74-38	Δ = 612	bi.bi = 74	b0.bi = 38	1 x (irr-E6-27) + 4 x (irr-E6-78) + 1 x (irr-E6-351a)
vtx-E06-612-89-41	Δ = 612	bi.bi = 89	b0.bi = 41	1 x (irr-E6-27) + 4 x (irr-E6-78) + 1 x (irr-E6-351b)
vtx-E06-615-29-25	Δ = 615	bi.bi = 29	b0.bi = 25	17 x (irr-E6-27) + 3 x (irr-E6-78)
vtx-E06-615-71-37	Δ = 615	bi.bi = 71	b0.bi = 37	4 x (irr-E6-27) + 3 x (irr-E6-78) + 1 x (irr-E6-351a)
vtx-E06-615-86-40	Δ = 615	bi.bi = 86	b0.bi = 40	4 x (irr-E6-27) + 3 x (irr-E6-78) + 1 x (irr-E6-351b)
vtx-E06-618-26-24	Δ = 618	bi.bi = 26	b0.bi = 24	20 x (irr-E6-27) + 2 x (irr-E6-78)
vtx-E06-618-68-36	Δ = 618	bi.bi = 68	b0.bi = 36	7 x (irr-E6-27) + 2 x (irr-E6-78) + 1 x (irr-E6-351a)
vtx-E06-618-83-39	Δ = 618	bi.bi = 83	b0.bi = 39	7 x (irr-E6-27) + 2 x (irr-E6-78) + 1 x (irr-E6-351b)
vtx-E06-621-23-23	Δ = 621	bi.bi = 23	b0.bi = 23	23 x (irr-E6-27) + 1 x (irr-E6-78)
vtx-E06-621-65-35	Δ = 621	bi.bi = 65	b0.bi = 35	10 x (irr-E6-27) + 1 x (irr-E6-78) + 1 x (irr-E6-351a)
vtx-E06-621-80-38	Δ = 621	bi.bi = 80	b0.bi = 38	10 x (irr-E6-27) + 1 x (irr-E6-78) + 1 x (irr-E6-351b)
vtx-E06-624-20-22	Δ = 624	bi.bi = 20	b0.bi = 22	26 x (irr-E6-27)
vtx-E06-624-48-32	Δ = 624	bi.bi = 48	b0.bi = 32	9 x (irr-E6-78)
vtx-E06-624-62-34	Δ = 624	bi.bi = 62	b0.bi = 34	13 x (irr-E6-27) + 1 x (irr-E6-351a)
vtx-E06-624-77-37	Δ = 624	bi.bi = 77	b0.bi = 37	13 x (irr-E6-27) + 1 x (irr-E6-351b)
vtx-E06-624-104-46	Δ = 624	bi.bi = 104	b0.bi = 46	2 x (irr-E6-351a)
vtx-E06-624-119-49	Δ = 624	bi.bi = 119	b0.bi = 49	1 x (irr-E6-351a) + 1 x (irr-E6-351b)
vtx-E06-624-134-52	Δ = 624	bi.bi = 134	b0.bi = 52	2 x (irr-E6-351b)
vtx-E06-626-116-48	Δ = 626	bi.bi = 116	b0.bi = 48	2 x (irr-E6-27) + 1 x (irr-E6-650)
vtx-E06-627-45-31	Δ = 627	bi.bi = 45	b0.bi = 31	3 x (irr-E6-27) + 8 x (irr-E6-78)
vtx-E06-630-42-30	Δ = 630	bi.bi = 42	b0.bi = 30	6 x (irr-E6-27) + 7 x (irr-E6-78)
vtx-E06-633-39-29	Δ = 633	bi.bi = 39	b0.bi = 29	9 x (irr-E6-27) + 6 x (irr-E6-78)
vtx-E06-636-36-28	Δ = 636	bi.bi = 36	b0.bi = 28	12 x (irr-E6-27) + 5 x (irr-E6-78)
vtx-E06-639-33-27	Δ = 639	bi.bi = 33	b0.bi = 27	15 x (irr-E6-27) + 4 x (irr-E6-78)
vtx-E06-639-75-39	Δ = 639	bi.bi = 75	b0.bi = 39	2 x (irr-E6-27) + 4 x (irr-E6-78) + 1 x (irr-E6-351a)
vtx-E06-639-90-42	Δ = 639	bi.bi = 90	b0.bi = 42	2 x (irr-E6-27) + 4 x (irr-E6-78) + 1 x (irr-E6-351b)
vtx-E06-642-30-26	Δ = 642	bi.bi = 30	b0.bi = 26	18 x (irr-E6-27) + 3 x (irr-E6-78)
vtx-E06-642-72-38	Δ = 642	bi.bi = 72	b0.bi = 38	5 x (irr-E6-27) + 3 x (irr-E6-78) + 1 x (irr-E6-351a)
vtx-E06-642-87-41	Δ = 642	bi.bi = 87	b0.bi = 41	5 x (irr-E6-27) + 3 x (irr-E6-78) + 1 x (irr-E6-351b)
vtx-E06-645-27-25	Δ = 645	bi.bi = 27	b0.bi = 25	21 x (irr-E6-27) + 2 x (irr-E6-78)
vtx-E06-645-69-37	Δ = 645	bi.bi = 69	b0.bi = 37	8 x (irr-E6-27) + 2 x (irr-E6-78) + 1 x (irr-E6-351a)
vtx-E06-645-84-40	Δ = 645	bi.bi = 84	b0.bi = 40	8 x (irr-E6-27) + 2 x (irr-E6-78) + 1 x (irr-E6-351b)
vtx-E06-648-24-24	Δ = 648	bi.bi = 24	b0.bi = 24	24 x (irr-E6-27) + 1 x (irr-E6-78)
vtx-E06-648-66-36	Δ = 648	bi.bi = 66	b0.bi = 36	11 x (irr-E6-27) + 1 x (irr-E6-78) + 1 x (irr-E6-351a)
vtx-E06-648-81-39	Δ = 648	bi.bi = 81	b0.bi = 39	11 x (irr-E6-27) + 1 x (irr-E6-78) + 1 x (irr-E6-351b)
vtx-E06-650-120-50	Δ = 650	bi.bi = 120	b0.bi = 50	1 x (irr-E6-78) + 1 x (irr-E6-650)
vtx-E06-651-21-23	Δ = 651	bi.bi = 21	b0.bi = 23	27 x (irr-E6-27)
vtx-E06-651-49-33	Δ = 651	bi.bi = 49	b0.bi = 33	1 x (irr-E6-27) + 9 x (irr-E6-78)
vtx-E06-651-63-35	Δ = 651	bi.bi = 63	b0.bi = 35	14 x (irr-E6-27) + 1 x (irr-E6-351a)
vtx-E06-651-78-38	Δ = 651	bi.bi = 78	b0.bi = 38	14 x (irr-E6-27) + 1 x (irr-E6-351b)
vtx-E06-651-105-47	Δ = 651	bi.bi = 105	b0.bi = 47	1 x (irr-E6-27) + 2 x (irr-E6-351a)
vtx-E06-651-120-50	Δ = 651	bi.bi = 120	b0.bi = 50	1 x (irr-E6-27) + 1 x (irr-E6-351a) + 1 x (irr-E6-351b)
vtx-E06-651-135-53	Δ = 651	bi.bi = 135	b0.bi = 53	1 x (irr-E6-27) + 2 x (irr-E6-351b)
vtx-E06-653-117-49	Δ = 653	bi.bi = 117	b0.bi = 49	3 x (irr-E6-27) + 1 x (irr-E6-650)
vtx-E06-654-46-32	Δ = 654	bi.bi = 46	b0.bi = 32	4 x (irr-E6-27) + 8 x (irr-E6-78)
vtx-E06-657-43-31	Δ = 657	bi.bi = 43	b0.bi = 31	7 x (irr-E6-27) + 7 x (irr-E6-78)
vtx-E06-660-40-30	Δ = 660	bi.bi = 40	b0.bi = 30	10 x (irr-E6-27) + 6 x (irr-E6-78)
vtx-E06-663-37-29	Δ = 663	bi.bi = 37	b0.bi = 29	13 x (irr-E6-27) + 5 x (irr-E6-78)
vtx-E06-663-79-41	Δ = 663	bi.bi = 79	b0.bi = 41	5 x (irr-E6-78) + 1 x (irr-E6-351a)
vtx-E06-663-94-44	Δ = 663	bi.bi = 94	b0.bi = 44	5 x (irr-E6-78) + 1 x (irr-E6-351b)
vtx-E06-666-34-28	Δ = 666	bi.bi = 34	b0.bi = 28	16 x (irr-E6-27) + 4 x (irr-E6-78)
vtx-E06-666-76-40	Δ = 666	bi.bi = 76	b0.bi = 40	3 x (irr-E6-27) + 4 x (irr-E6-78) + 1 x (irr-E6-351a)
vtx-E06-666-91-43	Δ = 666	bi.bi = 91	b0.bi = 43	3 x (irr-E6-27) + 4 x (irr-E6-78) + 1 x (irr-E6-351b)
vtx-E06-669-31-27	Δ = 669	bi.bi = 31	b0.bi = 27	19 x (irr-E6-27) + 3 x (irr-E6-78)
vtx-E06-669-73-39	Δ = 669	bi.bi = 73	b0.bi = 39	6 x (irr-E6-27) + 3 x (irr-E6-78) + 1 x (irr-E6-351a)
vtx-E06-669-88-42	Δ = 669	bi.bi = 88	b0.bi = 42	6 x (irr-E6-27) + 3 x (irr-E6-78) + 1 x (irr-E6-351b)
vtx-E06-672-28-26	Δ = 672	bi.bi = 28	b0.bi = 26	22 x (irr-E6-27) + 2 x (irr-E6-78)
vtx-E06-672-70-38	Δ = 672	bi.bi = 70	b0.bi = 38	9 x (irr-E6-27) + 2 x (irr-E6-78) + 1 x (irr-E6-351a)
vtx-E06-672-85-41	Δ = 672	bi.bi = 85	b0.bi = 41	9 x (irr-E6-27) + 2 x (irr-E6-78) + 1 x (irr-E6-351b)
vtx-E06-675-25-25	Δ = 675	bi.bi = 25	b0.bi = 25	25 x (irr-E6-27) + 1 x (irr-E6-78)
vtx-E06-675-67-37	Δ = 675	bi.bi = 67	b0.bi = 37	12 x (irr-E6-27) + 1 x (irr-E6-78) + 1 x (irr-E6-351a)
vtx-E06-675-82-40	Δ = 675	bi.bi = 82	b0.bi = 40	12 x (irr-E6-27) + 1 x (irr-E6-78) + 1 x (irr-E6-351b)
vtx-E06-677-121-51	Δ = 677	bi.bi = 121	b0.bi = 51	1 x (irr-E6-27) + 1 x (irr-E6-78) + 1 x (irr-E6-650)
vtx-E06-678-22-24	Δ = 678	bi.bi = 22	b0.bi = 24	28 x (irr-E6-27)
vtx-E06-678-50-34	Δ = 678	bi.bi = 50	b0.bi = 34	2 x (irr-E6-27) + 9 x (irr-E6-78)
vtx-E06-678-64-36	Δ = 678	bi.bi = 64	b0.bi = 36	15 x (irr-E6-27) + 1 x (irr-E6-351a)
vtx-E06-678-79-39	Δ = 678	bi.bi = 79	b0.bi = 39	15 x (irr-E6-27) + 1 x (irr-E6-351b)
vtx-E06-678-106-48	Δ = 678	bi.bi = 106	b0.bi = 48	2 x (irr-E6-27) + 2 x (irr-E6-351a)
vtx-E06-678-121-51	Δ = 678	bi.bi = 121	b0.bi = 51	2 x (irr-E6-27) + 1 x (irr-E6-351a) + 1 x (irr-E6-351b)
vtx-E06-678-136-54	Δ = 678	bi.bi = 136	b0.bi = 54	2 x (irr-E6-27) + 2 x (irr-E6-351b)
vtx-E06-680-118-50	Δ = 680	bi.bi = 118	b0.bi = 50	4 x (irr-E6-27) + 1 x (irr-E6-650)
vtx-E06-681-47-33	Δ = 681	bi.bi = 47	b0.bi = 33	5 x (irr-E6-27) + 8 x (irr-E6-78)
vtx-E06-684-44-32	Δ = 684	bi.bi = 44	b0.bi = 32	8 x (irr-E6-27) + 7 x (irr-E6-78)
vtx-E06-687-41-31	Δ = 687	bi.bi = 41	b0.bi = 31	11 x (irr-E6-27) + 6 x (irr-E6-78)
vtx-E06-690-38-30	Δ = 690	bi.bi = 38	b0.bi = 30	14 x (irr-E6-27) + 5 x (irr-E6-78)
vtx-E06-690-80-42	Δ = 690	bi.bi = 80	b0.bi = 42	1 x (irr-E6-27) + 5 x (irr-E6-78) + 1 x (irr-E6-351a)
vtx-E06-690-95-45	Δ = 690	bi.bi = 95	b0.bi = 45	1 x (irr-E6-27) + 5 x (irr-E6-78) + 1 x (irr-E6-351b)
vtx-E06-693-35-29	Δ = 693	bi.bi = 35	b0.bi = 29	17 x (irr-E6-27) + 4 x (irr-E6-78)
vtx-E06-693-77-41	Δ = 693	bi.bi = 77	b0.bi = 41	4 x (irr-E6-27) + 4 x (irr-E6-78) + 1 x (irr-E6-351a)
vtx-E06-693-92-44	Δ = 693	bi.bi = 92	b0.bi = 44	4 x (irr-E6-27) + 4 x (irr-E6-78) + 1 x (irr-E6-351b)
vtx-E06-696-32-28	Δ = 696	bi.bi = 32	b0.bi = 28	20 x (irr-E6-27) + 3 x (irr-E6-78)
vtx-E06-696-74-40	Δ = 696	bi.bi = 74	b0.bi = 40	7 x (irr-E6-27) + 3 x (irr-E6-78) + 1 x (irr-E6-351a)
vtx-E06-696-89-43	Δ = 696	bi.bi = 89	b0.bi = 43	7 x (irr-E6-27) + 3 x (irr-E6-78) + 1 x (irr-E6-351b)
vtx-E06-699-29-27	Δ = 699	bi.bi = 29	b0.bi = 27	23 x (irr-E6-27) + 2 x (irr-E6-78)
vtx-E06-699-71-39	Δ = 699	bi.bi = 71	b0.bi = 39	10 x (irr-E6-27) + 2 x (irr-E6-78) + 1 x (irr-E6-351a)
vtx-E06-699-86-42	Δ = 699	bi.bi = 86	b0.bi = 42	10 x (irr-E6-27) + 2 x (irr-E6-78) + 1 x (irr-E6-351b)
vtx-E06-702-26-26	Δ = 702	bi.bi = 26	b0.bi = 26	26 x (irr-E6-27) + 1 x (irr-E6-78)
vtx-E06-702-54-36	Δ = 702	bi.bi = 54	b0.bi = 36	10 x (irr-E6-78)
vtx-E06-702-68-38	Δ = 702	bi.bi = 68	b0.bi = 38	13 x (irr-E6-27) + 1 x (irr-E6-78) + 1 x (irr-E6-351a)
vtx-E06-702-83-41	Δ = 702	bi.bi = 83	b0.bi = 41	13 x (irr-E6-27) + 1 x (irr-E6-78) + 1 x (irr-E6-351b)
vtx-E06-702-110-50	Δ = 702	bi.bi = 110	b0.bi = 50	1 x (irr-E6-78) + 2 x (irr-E6-351a)
vtx-E06-702-125-53	Δ = 702	bi.bi = 125	b0.bi = 53	1 x (irr-E6-78) + 1 x (irr-E6-351a) + 1 x (irr-E6-351b)
vtx-E06-702-140-56	Δ = 702	bi.bi = 140	b0.bi = 56	1 x (irr-E6-78) + 2 x (irr-E6-351b)
vtx-E06-704-122-52	Δ = 704	bi.bi = 122	b0.bi = 52	2 x (irr-E6-27) + 1 x (irr-E6-78) + 1 x (irr-E6-650)
vtx-E06-705-23-25	Δ = 705	bi.bi = 23	b0.bi = 25	29 x (irr-E6-27)
vtx-E06-705-51-35	Δ = 705	bi.bi = 51	b0.bi = 35	3 x (irr-E6-27) + 9 x (irr-E6-78)
vtx-E06-705-65-37	Δ = 705	bi.bi = 65	b0.bi = 37	16 x (irr-E6-27) + 1 x (irr-E6-351a)
vtx-E06-705-80-40	Δ = 705	bi.bi = 80	b0.bi = 40	16 x (irr-E6-27) + 1 x (irr-E6-351b)
vtx-E06-705-107-49	Δ = 705	bi.bi = 107	b0.bi = 49	3 x (irr-E6-27) + 2 x (irr-E6-351a)
vtx-E06-705-122-52	Δ = 705	bi.bi = 122	b0.bi = 52	3 x (irr-E6-27) + 1 x (irr-E6-351a) + 1 x (irr-E6-351b)
vtx-E06-705-137-55	Δ = 705	bi.bi = 137	b0.bi = 55	3 x (irr-E6-27) + 2 x (irr-E6-351b)
vtx-E06-707-119-51	Δ = 707	bi.bi = 119	b0.bi = 51	5 x (irr-E6-27) + 1 x (irr-E6-650)
vtx-E06-708-48-34	Δ = 708	bi.bi = 48	b0.bi = 34	6 x (irr-E6-27) + 8 x (irr-E6-78)
vtx-E06-711-45-33	Δ = 711	bi.bi = 45	b0.bi = 33	9 x (irr-E6-27) + 7 x (irr-E6-78)
vtx-E06-714-42-32	Δ = 714	bi.bi = 42	b0.bi = 32	12 x (irr-E6-27) + 6 x (irr-E6-78)
vtx-E06-717-39-31	Δ = 717	bi.bi = 39	b0.bi = 31	15 x (irr-E6-27) + 5 x (irr-E6-78)
vtx-E06-717-81-43	Δ = 717	bi.bi = 81	b0.bi = 43	2 x (irr-E6-27) + 5 x (irr-E6-78) + 1 x (irr-E6-351a)
vtx-E06-717-96-46	Δ = 717	bi.bi = 96	b0.bi = 46	2 x (irr-E6-27) + 5 x (irr-E6-78) + 1 x (irr-E6-351b)
vtx-E06-720-36-30	Δ = 720	bi.bi = 36	b0.bi = 30	18 x (irr-E6-27) + 4 x (irr-E6-78)
vtx-E06-720-78-42	Δ = 720	bi.bi = 78	b0.bi = 42	5 x (irr-E6-27) + 4 x (irr-E6-78) + 1 x (irr-E6-351a)
vtx-E06-720-93-45	Δ = 720	bi.bi = 93	b0.bi = 45	5 x (irr-E6-27) + 4 x (irr-E6-78) + 1 x (irr-E6-351b)
vtx-E06-723-33-29	Δ = 723	bi.bi = 33	b0.bi = 29	21 x (irr-E6-27) + 3 x (irr-E6-78)
vtx-E06-723-75-41	Δ = 723	bi.bi = 75	b0.bi = 41	8 x (irr-E6-27) + 3 x (irr-E6-78) + 1 x (irr-E6-351a)
vtx-E06-723-90-44	Δ = 723	bi.bi = 90	b0.bi = 44	8 x (irr-E6-27) + 3 x (irr-E6-78) + 1 x (irr-E6-351b)
vtx-E06-726-30-28	Δ = 726	bi.bi = 30	b0.bi = 28	24 x (irr-E6-27) + 2 x (irr-E6-78)
vtx-E06-726-72-40	Δ = 726	bi.bi = 72	b0.bi = 40	11 x (irr-E6-27) + 2 x (irr-E6-78) + 1 x (irr-E6-351a)
vtx-E06-726-87-43	Δ = 726	bi.bi = 87	b0.bi = 43	11 x (irr-E6-27) + 2 x (irr-E6-78) + 1 x (irr-E6-351b)
vtx-E06-728-126-54	Δ = 728	bi.bi = 126	b0.bi = 54	2 x (irr-E6-78) + 1 x (irr-E6-650)
vtx-E06-729-27-27	Δ = 729	bi.bi = 27	b0.bi = 27	27 x (irr-E6-27) + 1 x (irr-E6-78)
vtx-E06-729-55-37	Δ = 729	bi.bi = 55	b0.bi = 37	1 x (irr-E6-27) + 10 x (irr-E6-78)
vtx-E06-729-69-39	Δ = 729	bi.bi = 69	b0.bi = 39	14 x (irr-E6-27) + 1 x (irr-E6-78) + 1 x (irr-E6-351a)
vtx-E06-729-84-42	Δ = 729	bi.bi = 84	b0.bi = 42	14 x (irr-E6-27) + 1 x (irr-E6-78) + 1 x (irr-E6-351b)
vtx-E06-729-111-51	Δ = 729	bi.bi = 111	b0.bi = 51	1 x (irr-E6-27) + 1 x (irr-E6-78) + 2 x (irr-E6-351a)
vtx-E06-729-126-54	Δ = 729	bi.bi = 126	b0.bi = 54	1 x (irr-E6-27) + 1 x (irr-E6-78) + 1 x (irr-E6-351a) + 1 x (irr-E6-351b)
vtx-E06-729-141-57	Δ = 729	bi.bi = 141	b0.bi = 57	1 x (irr-E6-27) + 1 x (irr-E6-78) + 2 x (irr-E6-351b)
vtx-E06-731-123-53	Δ = 731	bi.bi = 123	b0.bi = 53	3 x (irr-E6-27) + 1 x (irr-E6-78) + 1 x (irr-E6-650)
vtx-E06-732-24-26	Δ = 732	bi.bi = 24	b0.bi = 26	30 x (irr-E6-27)
vtx-E06-732-52-36	Δ = 732	bi.bi = 52	b0.bi = 36	4 x (irr-E6-27) + 9 x (irr-E6-78)
vtx-E06-732-66-38	Δ = 732	bi.bi = 66	b0.bi = 38	17 x (irr-E6-27) + 1 x (irr-E6-351a)
vtx-E06-732-81-41	Δ = 732	bi.bi = 81	b0.bi = 41	17 x (irr-E6-27) + 1 x (irr-E6-351b)
vtx-E06-732-108-50	Δ = 732	bi.bi = 108	b0.bi = 50	4 x (irr-E6-27) + 2 x (irr-E6-351a)
vtx-E06-732-123-53	Δ = 732	bi.bi = 123	b0.bi = 53	4 x (irr-E6-27) + 1 x (irr-E6-351a) + 1 x (irr-E6-351b)
vtx-E06-732-138-56	Δ = 732	bi.bi = 138	b0.bi = 56	4 x (irr-E6-27) + 2 x (irr-E6-351b)
vtx-E06-734-120-52	Δ = 734	bi.bi = 120	b0.bi = 52	6 x (irr-E6-27) + 1 x (irr-E6-650)
vtx-E06-735-49-35	Δ = 735	bi.bi = 49	b0.bi = 35	7 x (irr-E6-27) + 8 x (irr-E6-78)
vtx-E06-738-46-34	Δ = 738	bi.bi = 46	b0.bi = 34	10 x (irr-E6-27) + 7 x (irr-E6-78)
vtx-E06-741-43-33	Δ = 741	bi.bi = 43	b0.bi = 33	13 x (irr-E6-27) + 6 x (irr-E6-78)
vtx-E06-741-85-45	Δ = 741	bi.bi = 85	b0.bi = 45	6 x (irr-E6-78) + 1 x (irr-E6-351a)
vtx-E06-741-100-48	Δ = 741	bi.bi = 100	b0.bi = 48	6 x (irr-E6-78) + 1 x (irr-E6-351b)
vtx-E06-744-40-32	Δ = 744	bi.bi = 40	b0.bi = 32	16 x (irr-E6-27) + 5 x (irr-E6-78)
vtx-E06-744-82-44	Δ = 744	bi.bi = 82	b0.bi = 44	3 x (irr-E6-27) + 5 x (irr-E6-78) + 1 x (irr-E6-351a)
vtx-E06-744-97-47	Δ = 744	bi.bi = 97	b0.bi = 47	3 x (irr-E6-27) + 5 x (irr-E6-78) + 1 x (irr-E6-351b)
vtx-E06-747-37-31	Δ = 747	bi.bi = 37	b0.bi = 31	19 x (irr-E6-27) + 4 x (irr-E6-78)
vtx-E06-747-79-43	Δ = 747	bi.bi = 79	b0.bi = 43	6 x (irr-E6-27) + 4 x (irr-E6-78) + 1 x (irr-E6-351a)
vtx-E06-747-94-46	Δ = 747	bi.bi = 94	b0.bi = 46	6 x (irr-E6-27) + 4 x (irr-E6-78) + 1 x (irr-E6-351b)
vtx-E06-750-34-30	Δ = 750	bi.bi = 34	b0.bi = 30	22 x (irr-E6-27) + 3 x (irr-E6-78)
vtx-E06-750-76-42	Δ = 750	bi.bi = 76	b0.bi = 42	9 x (irr-E6-27) + 3 x (irr-E6-78) + 1 x (irr-E6-351a)
vtx-E06-750-91-45	Δ = 750	bi.bi = 91	b0.bi = 45	9 x (irr-E6-27) + 3 x (irr-E6-78) + 1 x (irr-E6-351b)
vtx-E06-753-31-29	Δ = 753	bi.bi = 31	b0.bi = 29	25 x (irr-E6-27) + 2 x (irr-E6-78)
vtx-E06-753-73-41	Δ = 753	bi.bi = 73	b0.bi = 41	12 x (irr-E6-27) + 2 x (irr-E6-78) + 1 x (irr-E6-351a)
vtx-E06-753-88-44	Δ = 753	bi.bi = 88	b0.bi = 44	12 x (irr-E6-27) + 2 x (irr-E6-78) + 1 x (irr-E6-351b)
vtx-E06-755-127-55	Δ = 755	bi.bi = 127	b0.bi = 55	1 x (irr-E6-27) + 2 x (irr-E6-78) + 1 x (irr-E6-650)
vtx-E06-756-28-28	Δ = 756	bi.bi = 28	b0.bi = 28	28 x (irr-E6-27) + 1 x (irr-E6-78)
vtx-E06-756-56-38	Δ = 756	bi.bi = 56	b0.bi = 38	2 x (irr-E6-27) + 10 x (irr-E6-78)
vtx-E06-756-70-40	Δ = 756	bi.bi = 70	b0.bi = 40	15 x (irr-E6-27) + 1 x (irr-E6-78) + 1 x (irr-E6-351a)
vtx-E06-756-85-43	Δ = 756	bi.bi = 85	b0.bi = 43	15 x (irr-E6-27) + 1 x (irr-E6-78) + 1 x (irr-E6-351b)
vtx-E06-756-112-52	Δ = 756	bi.bi = 112	b0.bi = 52	2 x (irr-E6-27) + 1 x (irr-E6-78) + 2 x (irr-E6-351a)
vtx-E06-756-127-55	Δ = 756	bi.bi = 127	b0.bi = 55	2 x (irr-E6-27) + 1 x (irr-E6-78) + 1 x (irr-E6-351a) + 1 x (irr-E6-351b)
vtx-E06-756-142-58	Δ = 756	bi.bi = 142	b0.bi = 58	2 x (irr-E6-27) + 1 x (irr-E6-78) + 2 x (irr-E6-351b)
vtx-E06-758-124-54	Δ = 758	bi.bi = 124	b0.bi = 54	4 x (irr-E6-27) + 1 x (irr-E6-78) + 1 x (irr-E6-650)
vtx-E06-759-25-27	Δ = 759	bi.bi = 25	b0.bi = 27	31 x (irr-E6-27)
vtx-E06-759-53-37	Δ = 759	bi.bi = 53	b0.bi = 37	5 x (irr-E6-27) + 9 x (irr-E6-78)
vtx-E06-759-67-39	Δ = 759	bi.bi = 67	b0.bi = 39	18 x (irr-E6-27) + 1 x (irr-E6-351a)
vtx-E06-759-82-42	Δ = 759	bi.bi = 82	b0.bi = 42	18 x (irr-E6-27) + 1 x (irr-E6-351b)
vtx-E06-759-109-51	Δ = 759	bi.bi = 109	b0.bi = 51	5 x (irr-E6-27) + 2 x (irr-E6-351a)
vtx-E06-759-124-54	Δ = 759	bi.bi = 124	b0.bi = 54	5 x (irr-E6-27) + 1 x (irr-E6-351a) + 1 x (irr-E6-351b)
vtx-E06-759-139-57	Δ = 759	bi.bi = 139	b0.bi = 57	5 x (irr-E6-27) + 2 x (irr-E6-351b)
vtx-E06-761-121-53	Δ = 761	bi.bi = 121	b0.bi = 53	7 x (irr-E6-27) + 1 x (irr-E6-650)
vtx-E06-762-50-36	Δ = 762	bi.bi = 50	b0.bi = 36	8 x (irr-E6-27) + 8 x (irr-E6-78)
vtx-E06-765-47-35	Δ = 765	bi.bi = 47	b0.bi = 35	11 x (irr-E6-27) + 7 x (irr-E6-78)
vtx-E06-768-44-34	Δ = 768	bi.bi = 44	b0.bi = 34	14 x (irr-E6-27) + 6 x (irr-E6-78)
vtx-E06-768-86-46	Δ = 768	bi.bi = 86	b0.bi = 46	1 x (irr-E6-27) + 6 x (irr-E6-78) + 1 x (irr-E6-351a)
vtx-E06-768-101-49	Δ = 768	bi.bi = 101	b0.bi = 49	1 x (irr-E6-27) + 6 x (irr-E6-78) + 1 x (irr-E6-351b)
vtx-E06-771-41-33	Δ = 771	bi.bi = 41	b0.bi = 33	17 x (irr-E6-27) + 5 x (irr-E6-78)
vtx-E06-771-83-45	Δ = 771	bi.bi = 83	b0.bi = 45	4 x (irr-E6-27) + 5 x (irr-E6-78) + 1 x (irr-E6-351a)
vtx-E06-771-98-48	Δ = 771	bi.bi = 98	b0.bi = 48	4 x (irr-E6-27) + 5 x (irr-E6-78) + 1 x (irr-E6-351b)
vtx-E06-774-38-32	Δ = 774	bi.bi = 38	b0.bi = 32	20 x (irr-E6-27) + 4 x (irr-E6-78)
vtx-E06-774-80-44	Δ = 774	bi.bi = 80	b0.bi = 44	7 x (irr-E6-27) + 4 x (irr-E6-78) + 1 x (irr-E6-351a)
vtx-E06-774-95-47	Δ = 774	bi.bi = 95	b0.bi = 47	7 x (irr-E6-27) + 4 x (irr-E6-78) + 1 x (irr-E6-351b)
vtx-E06-777-35-31	Δ = 777	bi.bi = 35	b0.bi = 31	23 x (irr-E6-27) + 3 x (irr-E6-78)
vtx-E06-777-77-43	Δ = 777	bi.bi = 77	b0.bi = 43	10 x (irr-E6-27) + 3 x (irr-E6-78) + 1 x (irr-E6-351a)
vtx-E06-777-92-46	Δ = 777	bi.bi = 92	b0.bi = 46	10 x (irr-E6-27) + 3 x (irr-E6-78) + 1 x (irr-E6-351b)
vtx-E06-780-32-30	Δ = 780	bi.bi = 32	b0.bi = 30	26 x (irr-E6-27) + 2 x (irr-E6-78)
vtx-E06-780-60-40	Δ = 780	bi.bi = 60	b0.bi = 40	11 x (irr-E6-78)
vtx-E06-780-74-42	Δ = 780	bi.bi = 74	b0.bi = 42	13 x (irr-E6-27) + 2 x (irr-E6-78) + 1 x (irr-E6-351a)
vtx-E06-780-89-45	Δ = 780	bi.bi = 89	b0.bi = 45	13 x (irr-E6-27) + 2 x (irr-E6-78) + 1 x (irr-E6-351b)
vtx-E06-780-116-54	Δ = 780	bi.bi = 116	b0.bi = 54	2 x (irr-E6-78) + 2 x (irr-E6-351a)
vtx-E06-780-131-57	Δ = 780	bi.bi = 131	b0.bi = 57	2 x (irr-E6-78) + 1 x (irr-E6-351a) + 1 x (irr-E6-351b)
vtx-E06-780-146-60	Δ = 780	bi.bi = 146	b0.bi = 60	2 x (irr-E6-78) + 2 x (irr-E6-351b)
vtx-E06-782-128-56	Δ = 782	bi.bi = 128	b0.bi = 56	2 x (irr-E6-27) + 2 x (irr-E6-78) + 1 x (irr-E6-650)
vtx-E06-783-29-29	Δ = 783	bi.bi = 29	b0.bi = 29	29 x (irr-E6-27) + 1 x (irr-E6-78)
vtx-E06-783-57-39	Δ = 783	bi.bi = 57	b0.bi = 39	3 x (irr-E6-27) + 10 x (irr-E6-78)
vtx-E06-783-71-41	Δ = 783	bi.bi = 71	b0.bi = 41	16 x (irr-E6-27) + 1 x (irr-E6-78) + 1 x (irr-E6-351a)
vtx-E06-783-86-44	Δ = 783	bi.bi = 86	b0.bi = 44	16 x (irr-E6-27) + 1 x (irr-E6-78) + 1 x (irr-E6-351b)
vtx-E06-783-113-53	Δ = 783	bi.bi = 113	b0.bi = 53	3 x (irr-E6-27) + 1 x (irr-E6-78) + 2 x (irr-E6-351a)
vtx-E06-783-128-56	Δ = 783	bi.bi = 128	b0.bi = 56	3 x (irr-E6-27) + 1 x (irr-E6-78) + 1 x (irr-E6-351a) + 1 x (irr-E6-351b)
vtx-E06-783-143-59	Δ = 783	bi.bi = 143	b0.bi = 59	3 x (irr-E6-27) + 1 x (irr-E6-78) + 2 x (irr-E6-351b)
vtx-E06-785-125-55	Δ = 785	bi.bi = 125	b0.bi = 55	5 x (irr-E6-27) + 1 x (irr-E6-78) + 1 x (irr-E6-650)
vtx-E06-786-26-28	Δ = 786	bi.bi = 26	b0.bi = 28	32 x (irr-E6-27)
vtx-E06-786-54-38	Δ = 786	bi.bi = 54	b0.bi = 38	6 x (irr-E6-27) + 9 x (irr-E6-78)
vtx-E06-786-68-40	Δ = 786	bi.bi = 68	b0.bi = 40	19 x (irr-E6-27) + 1 x (irr-E6-351a)
vtx-E06-786-83-43	Δ = 786	bi.bi = 83	b0.bi = 43	19 x (irr-E6-27) + 1 x (irr-E6-351b)
vtx-E06-786-110-52	Δ = 786	bi.bi = 110	b0.bi = 52	6 x (irr-E6-27) + 2 x (irr-E6-351a)
vtx-E06-786-125-55	Δ = 786	bi.bi = 125	b0.bi = 55	6 x (irr-E6-27) + 1 x (irr-E6-351a) + 1 x (irr-E6-351b)
vtx-E06-786-140-58	Δ = 786	bi.bi = 140	b0.bi = 58	6 x (irr-E6-27) + 2 x (irr-E6-351b)
vtx-E06-788-122-54	Δ = 788	bi.bi = 122	b0.bi = 54	8 x (irr-E6-27) + 1 x (irr-E6-650)
vtx-E06-789-51-37	Δ = 789	bi.bi = 51	b0.bi = 37	9 x (irr-E6-27) + 8 x (irr-E6-78)
vtx-E06-792-48-36	Δ = 792	bi.bi = 48	b0.bi = 36	12 x (irr-E6-27) + 7 x (irr-E6-78)
vtx-E06-795-45-35	Δ = 795	bi.bi = 45	b0.bi = 35	15 x (irr-E6-27) + 6 x (irr-E6-78)
vtx-E06-795-87-47	Δ = 795	bi.bi = 87	b0.bi = 47	2 x (irr-E6-27) + 6 x (irr-E6-78) + 1 x (irr-E6-351a)
vtx-E06-795-102-50	Δ = 795	bi.bi = 102	b0.bi = 50	2 x (irr-E6-27) + 6 x (irr-E6-78) + 1 x (irr-E6-351b)
vtx-E06-798-42-34	Δ = 798	bi.bi = 42	b0.bi = 34	18 x (irr-E6-27) + 5 x (irr-E6-78)
vtx-E06-798-84-46	Δ = 798	bi.bi = 84	b0.bi = 46	5 x (irr-E6-27) + 5 x (irr-E6-78) + 1 x (irr-E6-351a)
vtx-E06-798-99-49	Δ = 798	bi.bi = 99	b0.bi = 49	5 x (irr-E6-27) + 5 x (irr-E6-78) + 1 x (irr-E6-351b)
vtx-E06-801-39-33	Δ = 801	bi.bi = 39	b0.bi = 33	21 x (irr-E6-27) + 4 x (irr-E6-78)
vtx-E06-801-81-45	Δ = 801	bi.bi = 81	b0.bi = 45	8 x (irr-E6-27) + 4 x (irr-E6-78) + 1 x (irr-E6-351a)
vtx-E06-801-96-48	Δ = 801	bi.bi = 96	b0.bi = 48	8 x (irr-E6-27) + 4 x (irr-E6-78) + 1 x (irr-E6-351b)
vtx-E06-804-36-32	Δ = 804	bi.bi = 36	b0.bi = 32	24 x (irr-E6-27) + 3 x (irr-E6-78)
vtx-E06-804-78-44	Δ = 804	bi.bi = 78	b0.bi = 44	11 x (irr-E6-27) + 3 x (irr-E6-78) + 1 x (irr-E6-351a)
vtx-E06-804-93-47	Δ = 804	bi.bi = 93	b0.bi = 47	11 x (irr-E6-27) + 3 x (irr-E6-78) + 1 x (irr-E6-351b)
vtx-E06-806-132-58	Δ = 806	bi.bi = 132	b0.bi = 58	3 x (irr-E6-78) + 1 x (irr-E6-650)
vtx-E06-807-33-31	Δ = 807	bi.bi = 33	b0.bi = 31	27 x (irr-E6-27) + 2 x (irr-E6-78)
vtx-E06-807-61-41	Δ = 807	bi.bi = 61	b0.bi = 41	1 x (irr-E6-27) + 11 x (irr-E6-78)
vtx-E06-807-75-43	Δ = 807	bi.bi = 75	b0.bi = 43	14 x (irr-E6-27) + 2 x (irr-E6-78) + 1 x (irr-E6-351a)
vtx-E06-807-90-46	Δ = 807	bi.bi = 90	b0.bi = 46	14 x (irr-E6-27) + 2 x (irr-E6-78) + 1 x (irr-E6-351b)
vtx-E06-807-117-55	Δ = 807	bi.bi = 117	b0.bi = 55	1 x (irr-E6-27) + 2 x (irr-E6-78) + 2 x (irr-E6-351a)
vtx-E06-807-132-58	Δ = 807	bi.bi = 132	b0.bi = 58	1 x (irr-E6-27) + 2 x (irr-E6-78) + 1 x (irr-E6-351a) + 1 x (irr-E6-351b)
vtx-E06-807-147-61	Δ = 807	bi.bi = 147	b0.bi = 61	1 x (irr-E6-27) + 2 x (irr-E6-78) + 2 x (irr-E6-351b)
vtx-E06-809-129-57	Δ = 809	bi.bi = 129	b0.bi = 57	3 x (irr-E6-27) + 2 x (irr-E6-78) + 1 x (irr-E6-650)
vtx-E06-810-30-30	Δ = 810	bi.bi = 30	b0.bi = 30	30 x (irr-E6-27) + 1 x (irr-E6-78)
vtx-E06-810-58-40	Δ = 810	bi.bi = 58	b0.bi = 40	4 x (irr-E6-27) + 10 x (irr-E6-78)
vtx-E06-810-72-42	Δ = 810	bi.bi = 72	b0.bi = 42	17 x (irr-E6-27) + 1 x (irr-E6-78) + 1 x (irr-E6-351a)
vtx-E06-810-87-45	Δ = 810	bi.bi = 87	b0.bi = 45	17 x (irr-E6-27) + 1 x (irr-E6-78) + 1 x (irr-E6-351b)
vtx-E06-810-114-54	Δ = 810	bi.bi = 114	b0.bi = 54	4 x (irr-E6-27) + 1 x (irr-E6-78) + 2 x (irr-E6-351a)
vtx-E06-810-129-57	Δ = 810	bi.bi = 129	b0.bi = 57	4 x (irr-E6-27) + 1 x (irr-E6-78) + 1 x (irr-E6-351a) + 1 x (irr-E6-351b)
vtx-E06-810-144-60	Δ = 810	bi.bi = 144	b0.bi = 60	4 x (irr-E6-27) + 1 x (irr-E6-78) + 2 x (irr-E6-351b)
vtx-E06-812-126-56	Δ = 812	bi.bi = 126	b0.bi = 56	6 x (irr-E6-27) + 1 x (irr-E6-78) + 1 x (irr-E6-650)
vtx-E06-813-27-29	Δ = 813	bi.bi = 27	b0.bi = 29	33 x (irr-E6-27)
vtx-E06-813-55-39	Δ = 813	bi.bi = 55	b0.bi = 39	7 x (irr-E6-27) + 9 x (irr-E6-78)
vtx-E06-813-69-41	Δ = 813	bi.bi = 69	b0.bi = 41	20 x (irr-E6-27) + 1 x (irr-E6-351a)
vtx-E06-813-84-44	Δ = 813	bi.bi = 84	b0.bi = 44	20 x (irr-E6-27) + 1 x (irr-E6-351b)
vtx-E06-813-111-53	Δ = 813	bi.bi = 111	b0.bi = 53	7 x (irr-E6-27) + 2 x (irr-E6-351a)
vtx-E06-813-126-56	Δ = 813	bi.bi = 126	b0.bi = 56	7 x (irr-E6-27) + 1 x (irr-E6-351a) + 1 x (irr-E6-351b)
vtx-E06-813-141-59	Δ = 813	bi.bi = 141	b0.bi = 59	7 x (irr-E6-27) + 2 x (irr-E6-351b)
vtx-E06-815-123-55	Δ = 815	bi.bi = 123	b0.bi = 55	9 x (irr-E6-27) + 1 x (irr-E6-650)
vtx-E06-816-52-38	Δ = 816	bi.bi = 52	b0.bi = 38	10 x (irr-E6-27) + 8 x (irr-E6-78)
vtx-E06-819-49-37	Δ = 819	bi.bi = 49	b0.bi = 37	13 x (irr-E6-27) + 7 x (irr-E6-78)
vtx-E06-819-91-49	Δ = 819	bi.bi = 91	b0.bi = 49	7 x (irr-E6-78) + 1 x (irr-E6-351a)
vtx-E06-819-106-52	Δ = 819	bi.bi = 106	b0.bi = 52	7 x (irr-E6-78) + 1 x (irr-E6-351b)
vtx-E06-822-46-36	Δ = 822	bi.bi = 46	b0.bi = 36	16 x (irr-E6-27) + 6 x (irr-E6-78)
vtx-E06-822-88-48	Δ = 822	bi.bi = 88	b0.bi = 48	3 x (irr-E6-27) + 6 x (irr-E6-78) + 1 x (irr-E6-351a)
vtx-E06-822-103-51	Δ = 822	bi.bi = 103	b0.bi = 51	3 x (irr-E6-27) + 6 x (irr-E6-78) + 1 x (irr-E6-351b)
vtx-E06-825-43-35	Δ = 825	bi.bi = 43	b0.bi = 35	19 x (irr-E6-27) + 5 x (irr-E6-78)
vtx-E06-825-85-47	Δ = 825	bi.bi = 85	b0.bi = 47	6 x (irr-E6-27) + 5 x (irr-E6-78) + 1 x (irr-E6-351a)
vtx-E06-825-100-50	Δ = 825	bi.bi = 100	b0.bi = 50	6 x (irr-E6-27) + 5 x (irr-E6-78) + 1 x (irr-E6-351b)
vtx-E06-828-40-34	Δ = 828	bi.bi = 40	b0.bi = 34	22 x (irr-E6-27) + 4 x (irr-E6-78)
vtx-E06-828-82-46	Δ = 828	bi.bi = 82	b0.bi = 46	9 x (irr-E6-27) + 4 x (irr-E6-78) + 1 x (irr-E6-351a)
vtx-E06-828-97-49	Δ = 828	bi.bi = 97	b0.bi = 49	9 x (irr-E6-27) + 4 x (irr-E6-78) + 1 x (irr-E6-351b)
vtx-E06-831-37-33	Δ = 831	bi.bi = 37	b0.bi = 33	25 x (irr-E6-27) + 3 x (irr-E6-78)
vtx-E06-831-79-45	Δ = 831	bi.bi = 79	b0.bi = 45	12 x (irr-E6-27) + 3 x (irr-E6-78) + 1 x (irr-E6-351a)
vtx-E06-831-94-48	Δ = 831	bi.bi = 94	b0.bi = 48	12 x (irr-E6-27) + 3 x (irr-E6-78) + 1 x (irr-E6-351b)
vtx-E06-833-133-59	Δ = 833	bi.bi = 133	b0.bi = 59	1 x (irr-E6-27) + 3 x (irr-E6-78) + 1 x (irr-E6-650)
vtx-E06-834-34-32	Δ = 834	bi.bi = 34	b0.bi = 32	28 x (irr-E6-27) + 2 x (irr-E6-78)
vtx-E06-834-62-42	Δ = 834	bi.bi = 62	b0.bi = 42	2 x (irr-E6-27) + 11 x (irr-E6-78)
vtx-E06-834-76-44	Δ = 834	bi.bi = 76	b0.bi = 44	15 x (irr-E6-27) + 2 x (irr-E6-78) + 1 x (irr-E6-351a)
vtx-E06-834-91-47	Δ = 834	bi.bi = 91	b0.bi = 47	15 x (irr-E6-27) + 2 x (irr-E6-78) + 1 x (irr-E6-351b)
vtx-E06-834-118-56	Δ = 834	bi.bi = 118	b0.bi = 56	2 x (irr-E6-27) + 2 x (irr-E6-78) + 2 x (irr-E6-351a)
vtx-E06-834-133-59	Δ = 834	bi.bi = 133	b0.bi = 59	2 x (irr-E6-27) + 2 x (irr-E6-78) + 1 x (irr-E6-351a) + 1 x (irr-E6-351b)
vtx-E06-834-148-62	Δ = 834	bi.bi = 148	b0.bi = 62	2 x (irr-E6-27) + 2 x (irr-E6-78) + 2 x (irr-E6-351b)
vtx-E06-836-130-58	Δ = 836	bi.bi = 130	b0.bi = 58	4 x (irr-E6-27) + 2 x (irr-E6-78) + 1 x (irr-E6-650)
vtx-E06-837-31-31	Δ = 837	bi.bi = 31	b0.bi = 31	31 x (irr-E6-27) + 1 x (irr-E6-78)
vtx-E06-837-59-41	Δ = 837	bi.bi = 59	b0.bi = 41	5 x (irr-E6-27) + 10 x (irr-E6-78)
vtx-E06-837-73-43	Δ = 837	bi.bi = 73	b0.bi = 43	18 x (irr-E6-27) + 1 x (irr-E6-78) + 1 x (irr-E6-351a)
vtx-E06-837-88-46	Δ = 837	bi.bi = 88	b0.bi = 46	18 x (irr-E6-27) + 1 x (irr-E6-78) + 1 x (irr-E6-351b)
vtx-E06-837-115-55	Δ = 837	bi.bi = 115	b0.bi = 55	5 x (irr-E6-27) + 1 x (irr-E6-78) + 2 x (irr-E6-351a)
vtx-E06-837-130-58	Δ = 837	bi.bi = 130	b0.bi = 58	5 x (irr-E6-27) + 1 x (irr-E6-78) + 1 x (irr-E6-351a) + 1 x (irr-E6-351b)
vtx-E06-837-145-61	Δ = 837	bi.bi = 145	b0.bi = 61	5 x (irr-E6-27) + 1 x (irr-E6-78) + 2 x (irr-E6-351b)
vtx-E06-839-127-57	Δ = 839	bi.bi = 127	b0.bi = 57	7 x (irr-E6-27) + 1 x (irr-E6-78) + 1 x (irr-E6-650)
vtx-E06-840-28-30	Δ = 840	bi.bi = 28	b0.bi = 30	34 x (irr-E6-27)
vtx-E06-840-56-40	Δ = 840	bi.bi = 56	b0.bi = 40	8 x (irr-E6-27) + 9 x (irr-E6-78)
vtx-E06-840-70-42	Δ = 840	bi.bi = 70	b0.bi = 42	21 x (irr-E6-27) + 1 x (irr-E6-351a)
vtx-E06-840-85-45	Δ = 840	bi.bi = 85	b0.bi = 45	21 x (irr-E6-27) + 1 x (irr-E6-351b)
vtx-E06-840-112-54	Δ = 840	bi.bi = 112	b0.bi = 54	8 x (irr-E6-27) + 2 x (irr-E6-351a)
vtx-E06-840-127-57	Δ = 840	bi.bi = 127	b0.bi = 57	8 x (irr-E6-27) + 1 x (irr-E6-351a) + 1 x (irr-E6-351b)
vtx-E06-840-142-60	Δ = 840	bi.bi = 142	b0.bi = 60	8 x (irr-E6-27) + 2 x (irr-E6-351b)
vtx-E06-842-124-56	Δ = 842	bi.bi = 124	b0.bi = 56	10 x (irr-E6-27) + 1 x (irr-E6-650)
vtx-E06-843-53-39	Δ = 843	bi.bi = 53	b0.bi = 39	11 x (irr-E6-27) + 8 x (irr-E6-78)
vtx-E06-846-50-38	Δ = 846	bi.bi = 50	b0.bi = 38	14 x (irr-E6-27) + 7 x (irr-E6-78)
vtx-E06-846-92-50	Δ = 846	bi.bi = 92	b0.bi = 50	1 x (irr-E6-27) + 7 x (irr-E6-78) + 1 x (irr-E6-351a)
vtx-E06-846-107-53	Δ = 846	bi.bi = 107	b0.bi = 53	1 x (irr-E6-27) + 7 x (irr-E6-78) + 1 x (irr-E6-351b)
vtx-E06-849-47-37	Δ = 849	bi.bi = 47	b0.bi = 37	17 x (irr-E6-27) + 6 x (irr-E6-78)
vtx-E06-849-89-49	Δ = 849	bi.bi = 89	b0.bi = 49	4 x (irr-E6-27) + 6 x (irr-E6-78) + 1 x (irr-E6-351a)
vtx-E06-849-104-52	Δ = 849	bi.bi = 104	b0.bi = 52	4 x (irr-E6-27) + 6 x (irr-E6-78) + 1 x (irr-E6-351b)
vtx-E06-852-44-36	Δ = 852	bi.bi = 44	b0.bi = 36	20 x (irr-E6-27) + 5 x (irr-E6-78)
vtx-E06-852-86-48	Δ = 852	bi.bi = 86	b0.bi = 48	7 x (irr-E6-27) + 5 x (irr-E6-78) + 1 x (irr-E6-351a)
vtx-E06-852-101-51	Δ = 852	bi.bi = 101	b0.bi = 51	7 x (irr-E6-27) + 5 x (irr-E6-78) + 1 x (irr-E6-351b)
vtx-E06-855-41-35	Δ = 855	bi.bi = 41	b0.bi = 35	23 x (irr-E6-27) + 4 x (irr-E6-78)
vtx-E06-855-83-47	Δ = 855	bi.bi = 83	b0.bi = 47	10 x (irr-E6-27) + 4 x (irr-E6-78) + 1 x (irr-E6-351a)
vtx-E06-855-98-50	Δ = 855	bi.bi = 98	b0.bi = 50	10 x (irr-E6-27) + 4 x (irr-E6-78) + 1 x (irr-E6-351b)
vtx-E06-858-38-34	Δ = 858	bi.bi = 38	b0.bi = 34	26 x (irr-E6-27) + 3 x (irr-E6-78)
vtx-E06-858-66-44	Δ = 858	bi.bi = 66	b0.bi = 44	12 x (irr-E6-78)
vtx-E06-858-80-46	Δ = 858	bi.bi = 80	b0.bi = 46	13 x (irr-E6-27) + 3 x (irr-E6-78) + 1 x (irr-E6-351a)
vtx-E06-858-95-49	Δ = 858	bi.bi = 95	b0.bi = 49	13 x (irr-E6-27) + 3 x (irr-E6-78) + 1 x (irr-E6-351b)
vtx-E06-858-122-58	Δ = 858	bi.bi = 122	b0.bi = 58	3 x (irr-E6-78) + 2 x (irr-E6-351a)
vtx-E06-858-137-61	Δ = 858	bi.bi = 137	b0.bi = 61	3 x (irr-E6-78) + 1 x (irr-E6-351a) + 1 x (irr-E6-351b)
vtx-E06-858-152-64	Δ = 858	bi.bi = 152	b0.bi = 64	3 x (irr-E6-78) + 2 x (irr-E6-351b)
vtx-E06-860-134-60	Δ = 860	bi.bi = 134	b0.bi = 60	2 x (irr-E6-27) + 3 x (irr-E6-78) + 1 x (irr-E6-650)
vtx-E06-861-35-33	Δ = 861	bi.bi = 35	b0.bi = 33	29 x (irr-E6-27) + 2 x (irr-E6-78)
vtx-E06-861-63-43	Δ = 861	bi.bi = 63	b0.bi = 43	3 x (irr-E6-27) + 11 x (irr-E6-78)
vtx-E06-861-77-45	Δ = 861	bi.bi = 77	b0.bi = 45	16 x (irr-E6-27) + 2 x (irr-E6-78) + 1 x (irr-E6-351a)
vtx-E06-861-92-48	Δ = 861	bi.bi = 92	b0.bi = 48	16 x (irr-E6-27) + 2 x (irr-E6-78) + 1 x (irr-E6-351b)
vtx-E06-861-119-57	Δ = 861	bi.bi = 119	b0.bi = 57	3 x (irr-E6-27) + 2 x (irr-E6-78) + 2 x (irr-E6-351a)
vtx-E06-861-134-60	Δ = 861	bi.bi = 134	b0.bi = 60	3 x (irr-E6-27) + 2 x (irr-E6-78) + 1 x (irr-E6-351a) + 1 x (irr-E6-351b)
vtx-E06-861-149-63	Δ = 861	bi.bi = 149	b0.bi = 63	3 x (irr-E6-27) + 2 x (irr-E6-78) + 2 x (irr-E6-351b)
vtx-E06-863-131-59	Δ = 863	bi.bi = 131	b0.bi = 59	5 x (irr-E6-27) + 2 x (irr-E6-78) + 1 x (irr-E6-650)
vtx-E06-864-32-32	Δ = 864	bi.bi = 32	b0.bi = 32	32 x (irr-E6-27) + 1 x (irr-E6-78)
vtx-E06-864-60-42	Δ = 864	bi.bi = 60	b0.bi = 42	6 x (irr-E6-27) + 10 x (irr-E6-78)
vtx-E06-864-74-44	Δ = 864	bi.bi = 74	b0.bi = 44	19 x (irr-E6-27) + 1 x (irr-E6-78) + 1 x (irr-E6-351a)
vtx-E06-864-89-47	Δ = 864	bi.bi = 89	b0.bi = 47	19 x (irr-E6-27) + 1 x (irr-E6-78) + 1 x (irr-E6-351b)
vtx-E06-864-116-56	Δ = 864	bi.bi = 116	b0.bi = 56	6 x (irr-E6-27) + 1 x (irr-E6-78) + 2 x (irr-E6-351a)
vtx-E06-864-131-59	Δ = 864	bi.bi = 131	b0.bi = 59	6 x (irr-E6-27) + 1 x (irr-E6-78) + 1 x (irr-E6-351a) + 1 x (irr-E6-351b)
vtx-E06-864-146-62	Δ = 864	bi.bi = 146	b0.bi = 62	6 x (irr-E6-27) + 1 x (irr-E6-78) + 2 x (irr-E6-351b)
vtx-E06-866-128-58	Δ = 866	bi.bi = 128	b0.bi = 58	8 x (irr-E6-27) + 1 x (irr-E6-78) + 1 x (irr-E6-650)
vtx-E06-867-29-31	Δ = 867	bi.bi = 29	b0.bi = 31	35 x (irr-E6-27)
vtx-E06-867-57-41	Δ = 867	bi.bi = 57	b0.bi = 41	9 x (irr-E6-27) + 9 x (irr-E6-78)
vtx-E06-867-71-43	Δ = 867	bi.bi = 71	b0.bi = 43	22 x (irr-E6-27) + 1 x (irr-E6-351a)
vtx-E06-867-86-46	Δ = 867	bi.bi = 86	b0.bi = 46	22 x (irr-E6-27) + 1 x (irr-E6-351b)
vtx-E06-867-113-55	Δ = 867	bi.bi = 113	b0.bi = 55	9 x (irr-E6-27) + 2 x (irr-E6-351a)
vtx-E06-867-128-58	Δ = 867	bi.bi = 128	b0.bi = 58	9 x (irr-E6-27) + 1 x (irr-E6-351a) + 1 x (irr-E6-351b)
vtx-E06-867-143-61	Δ = 867	bi.bi = 143	b0.bi = 61	9 x (irr-E6-27) + 2 x (irr-E6-351b)
vtx-E06-869-125-57	Δ = 869	bi.bi = 125	b0.bi = 57	11 x (irr-E6-27) + 1 x (irr-E6-650)
vtx-E06-870-54-40	Δ = 870	bi.bi = 54	b0.bi = 40	12 x (irr-E6-27) + 8 x (irr-E6-78)
vtx-E06-873-51-39	Δ = 873	bi.bi = 51	b0.bi = 39	15 x (irr-E6-27) + 7 x (irr-E6-78)
vtx-E06-873-93-51	Δ = 873	bi.bi = 93	b0.bi = 51	2 x (irr-E6-27) + 7 x (irr-E6-78) + 1 x (irr-E6-351a)
vtx-E06-873-108-54	Δ = 873	bi.bi = 108	b0.bi = 54	2 x (irr-E6-27) + 7 x (irr-E6-78) + 1 x (irr-E6-351b)
vtx-E06-876-48-38	Δ = 876	bi.bi = 48	b0.bi = 38	18 x (irr-E6-27) + 6 x (irr-E6-78)
vtx-E06-876-90-50	Δ = 876	bi.bi = 90	b0.bi = 50	5 x (irr-E6-27) + 6 x (irr-E6-78) + 1 x (irr-E6-351a)
vtx-E06-876-105-53	Δ = 876	bi.bi = 105	b0.bi = 53	5 x (irr-E6-27) + 6 x (irr-E6-78) + 1 x (irr-E6-351b)
vtx-E06-879-45-37	Δ = 879	bi.bi = 45	b0.bi = 37	21 x (irr-E6-27) + 5 x (irr-E6-78)
vtx-E06-879-87-49	Δ = 879	bi.bi = 87	b0.bi = 49	8 x (irr-E6-27) + 5 x (irr-E6-78) + 1 x (irr-E6-351a)
vtx-E06-879-102-52	Δ = 879	bi.bi = 102	b0.bi = 52	8 x (irr-E6-27) + 5 x (irr-E6-78) + 1 x (irr-E6-351b)
vtx-E06-882-42-36	Δ = 882	bi.bi = 42	b0.bi = 36	24 x (irr-E6-27) + 4 x (irr-E6-78)
vtx-E06-882-84-48	Δ = 882	bi.bi = 84	b0.bi = 48	11 x (irr-E6-27) + 4 x (irr-E6-78) + 1 x (irr-E6-351a)
vtx-E06-882-99-51	Δ = 882	bi.bi = 99	b0.bi = 51	11 x (irr-E6-27) + 4 x (irr-E6-78) + 1 x (irr-E6-351b)
vtx-E06-884-138-62	Δ = 884	bi.bi = 138	b0.bi = 62	4 x (irr-E6-78) + 1 x (irr-E6-650)
vtx-E06-885-39-35	Δ = 885	bi.bi = 39	b0.bi = 35	27 x (irr-E6-27) + 3 x (irr-E6-78)
vtx-E06-885-67-45	Δ = 885	bi.bi = 67	b0.bi = 45	1 x (irr-E6-27) + 12 x (irr-E6-78)
vtx-E06-885-81-47	Δ = 885	bi.bi = 81	b0.bi = 47	14 x (irr-E6-27) + 3 x (irr-E6-78) + 1 x (irr-E6-351a)
vtx-E06-885-96-50	Δ = 885	bi.bi = 96	b0.bi = 50	14 x (irr-E6-27) + 3 x (irr-E6-78) + 1 x (irr-E6-351b)
vtx-E06-885-123-59	Δ = 885	bi.bi = 123	b0.bi = 59	1 x (irr-E6-27) + 3 x (irr-E6-78) + 2 x (irr-E6-351a)
vtx-E06-885-138-62	Δ = 885	bi.bi = 138	b0.bi = 62	1 x (irr-E6-27) + 3 x (irr-E6-78) + 1 x (irr-E6-351a) + 1 x (irr-E6-351b)
vtx-E06-885-153-65	Δ = 885	bi.bi = 153	b0.bi = 65	1 x (irr-E6-27) + 3 x (irr-E6-78) + 2 x (irr-E6-351b)
vtx-E06-887-135-61	Δ = 887	bi.bi = 135	b0.bi = 61	3 x (irr-E6-27) + 3 x (irr-E6-78) + 1 x (irr-E6-650)
vtx-E06-888-36-34	Δ = 888	bi.bi = 36	b0.bi = 34	30 x (irr-E6-27) + 2 x (irr-E6-78)
vtx-E06-888-64-44	Δ = 888	bi.bi = 64	b0.bi = 44	4 x (irr-E6-27) + 11 x (irr-E6-78)
vtx-E06-888-78-46	Δ = 888	bi.bi = 78	b0.bi = 46	17 x (irr-E6-27) + 2 x (irr-E6-78) + 1 x (irr-E6-351a)
vtx-E06-888-93-49	Δ = 888	bi.bi = 93	b0.bi = 49	17 x (irr-E6-27) + 2 x (irr-E6-78) + 1 x (irr-E6-351b)
vtx-E06-888-120-58	Δ = 888	bi.bi = 120	b0.bi = 58	4 x (irr-E6-27) + 2 x (irr-E6-78) + 2 x (irr-E6-351a)
vtx-E06-888-135-61	Δ = 888	bi.bi = 135	b0.bi = 61	4 x (irr-E6-27) + 2 x (irr-E6-78) + 1 x (irr-E6-351a) + 1 x (irr-E6-351b)
vtx-E06-888-150-64	Δ = 888	bi.bi = 150	b0.bi = 64	4 x (irr-E6-27) + 2 x (irr-E6-78) + 2 x (irr-E6-351b)
vtx-E06-890-132-60	Δ = 890	bi.bi = 132	b0.bi = 60	6 x (irr-E6-27) + 2 x (irr-E6-78) + 1 x (irr-E6-650)
vtx-E06-891-33-33	Δ = 891	bi.bi = 33	b0.bi = 33	33 x (irr-E6-27) + 1 x (irr-E6-78)
vtx-E06-891-61-43	Δ = 891	bi.bi = 61	b0.bi = 43	7 x (irr-E6-27) + 10 x (irr-E6-78)
vtx-E06-891-75-45	Δ = 891	bi.bi = 75	b0.bi = 45	20 x (irr-E6-27) + 1 x (irr-E6-78) + 1 x (irr-E6-351a)
vtx-E06-891-90-48	Δ = 891	bi.bi = 90	b0.bi = 48	20 x (irr-E6-27) + 1 x (irr-E6-78) + 1 x (irr-E6-351b)
vtx-E06-891-117-57	Δ = 891	bi.bi = 117	b0.bi = 57	7 x (irr-E6-27) + 1 x (irr-E6-78) + 2 x (irr-E6-351a)
vtx-E06-891-132-60	Δ = 891	bi.bi = 132	b0.bi = 60	7 x (irr-E6-27) + 1 x (irr-E6-78) + 1 x (irr-E6-351a) + 1 x (irr-E6-351b)
vtx-E06-891-147-63	Δ = 891	bi.bi = 147	b0.bi = 63	7 x (irr-E6-27) + 1 x (irr-E6-78) + 2 x (irr-E6-351b)
vtx-E06-893-129-59	Δ = 893	bi.bi = 129	b0.bi = 59	9 x (irr-E6-27) + 1 x (irr-E6-78) + 1 x (irr-E6-650)
vtx-E06-894-30-32	Δ = 894	bi.bi = 30	b0.bi = 32	36 x (irr-E6-27)
vtx-E06-894-58-42	Δ = 894	bi.bi = 58	b0.bi = 42	10 x (irr-E6-27) + 9 x (irr-E6-78)
vtx-E06-894-72-44	Δ = 894	bi.bi = 72	b0.bi = 44	23 x (irr-E6-27) + 1 x (irr-E6-351a)
vtx-E06-894-87-47	Δ = 894	bi.bi = 87	b0.bi = 47	23 x (irr-E6-27) + 1 x (irr-E6-351b)
vtx-E06-894-114-56	Δ = 894	bi.bi = 114	b0.bi = 56	10 x (irr-E6-27) + 2 x (irr-E6-351a)
vtx-E06-894-129-59	Δ = 894	bi.bi = 129	b0.bi = 59	10 x (irr-E6-27) + 1 x (irr-E6-351a) + 1 x (irr-E6-351b)
vtx-E06-894-144-62	Δ = 894	bi.bi = 144	b0.bi = 62	10 x (irr-E6-27) + 2 x (irr-E6-351b)
vtx-E06-896-126-58	Δ = 896	bi.bi = 126	b0.bi = 58	12 x (irr-E6-27) + 1 x (irr-E6-650)
vtx-E06-897-55-41	Δ = 897	bi.bi = 55	b0.bi = 41	13 x (irr-E6-27) + 8 x (irr-E6-78)
vtx-E06-897-97-53	Δ = 897	bi.bi = 97	b0.bi = 53	8 x (irr-E6-78) + 1 x (irr-E6-351a)
vtx-E06-897-112-56	Δ = 897	bi.bi = 112	b0.bi = 56	8 x (irr-E6-78) + 1 x (irr-E6-351b)
vtx-E06-900-52-40	Δ = 900	bi.bi = 52	b0.bi = 40	16 x (irr-E6-27) + 7 x (irr-E6-78)
vtx-E06-900-94-52	Δ = 900	bi.bi = 94	b0.bi = 52	3 x (irr-E6-27) + 7 x (irr-E6-78) + 1 x (irr-E6-351a)
vtx-E06-900-109-55	Δ = 900	bi.bi = 109	b0.bi = 55	3 x (irr-E6-27) + 7 x (irr-E6-78) + 1 x (irr-E6-351b)
vtx-E06-903-49-39	Δ = 903	bi.bi = 49	b0.bi = 39	19 x (irr-E6-27) + 6 x (irr-E6-78)
vtx-E06-903-91-51	Δ = 903	bi.bi = 91	b0.bi = 51	6 x (irr-E6-27) + 6 x (irr-E6-78) + 1 x (irr-E6-351a)
vtx-E06-903-106-54	Δ = 903	bi.bi = 106	b0.bi = 54	6 x (irr-E6-27) + 6 x (irr-E6-78) + 1 x (irr-E6-351b)
vtx-E06-906-46-38	Δ = 906	bi.bi = 46	b0.bi = 38	22 x (irr-E6-27) + 5 x (irr-E6-78)
vtx-E06-906-88-50	Δ = 906	bi.bi = 88	b0.bi = 50	9 x (irr-E6-27) + 5 x (irr-E6-78) + 1 x (irr-E6-351a)
vtx-E06-906-103-53	Δ = 906	bi.bi = 103	b0.bi = 53	9 x (irr-E6-27) + 5 x (irr-E6-78) + 1 x (irr-E6-351b)
vtx-E06-909-43-37	Δ = 909	bi.bi = 43	b0.bi = 37	25 x (irr-E6-27) + 4 x (irr-E6-78)
vtx-E06-909-85-49	Δ = 909	bi.bi = 85	b0.bi = 49	12 x (irr-E6-27) + 4 x (irr-E6-78) + 1 x (irr-E6-351a)
vtx-E06-909-100-52	Δ = 909	bi.bi = 100	b0.bi = 52	12 x (irr-E6-27) + 4 x (irr-E6-78) + 1 x (irr-E6-351b)
vtx-E06-911-139-63	Δ = 911	bi.bi = 139	b0.bi = 63	1 x (irr-E6-27) + 4 x (irr-E6-78) + 1 x (irr-E6-650)
vtx-E06-912-40-36	Δ = 912	bi.bi = 40	b0.bi = 36	28 x (irr-E6-27) + 3 x (irr-E6-78)
vtx-E06-912-68-46	Δ = 912	bi.bi = 68	b0.bi = 46	2 x (irr-E6-27) + 12 x (irr-E6-78)
vtx-E06-912-82-48	Δ = 912	bi.bi = 82	b0.bi = 48	15 x (irr-E6-27) + 3 x (irr-E6-78) + 1 x (irr-E6-351a)
vtx-E06-912-97-51	Δ = 912	bi.bi = 97	b0.bi = 51	15 x (irr-E6-27) + 3 x (irr-E6-78) + 1 x (irr-E6-351b)
vtx-E06-912-124-60	Δ = 912	bi.bi = 124	b0.bi = 60	2 x (irr-E6-27) + 3 x (irr-E6-78) + 2 x (irr-E6-351a)
vtx-E06-912-139-63	Δ = 912	bi.bi = 139	b0.bi = 63	2 x (irr-E6-27) + 3 x (irr-E6-78) + 1 x (irr-E6-351a) + 1 x (irr-E6-351b)
vtx-E06-912-154-66	Δ = 912	bi.bi = 154	b0.bi = 66	2 x (irr-E6-27) + 3 x (irr-E6-78) + 2 x (irr-E6-351b)
vtx-E06-914-136-62	Δ = 914	bi.bi = 136	b0.bi = 62	4 x (irr-E6-27) + 3 x (irr-E6-78) + 1 x (irr-E6-650)
vtx-E06-915-37-35	Δ = 915	bi.bi = 37	b0.bi = 35	31 x (irr-E6-27) + 2 x (irr-E6-78)
vtx-E06-915-65-45	Δ = 915	bi.bi = 65	b0.bi = 45	5 x (irr-E6-27) + 11 x (irr-E6-78)
vtx-E06-915-79-47	Δ = 915	bi.bi = 79	b0.bi = 47	18 x (irr-E6-27) + 2 x (irr-E6-78) + 1 x (irr-E6-351a)
vtx-E06-915-94-50	Δ = 915	bi.bi = 94	b0.bi = 50	18 x (irr-E6-27) + 2 x (irr-E6-78) + 1 x (irr-E6-351b)
vtx-E06-915-121-59	Δ = 915	bi.bi = 121	b0.bi = 59	5 x (irr-E6-27) + 2 x (irr-E6-78) + 2 x (irr-E6-351a)
vtx-E06-915-136-62	Δ = 915	bi.bi = 136	b0.bi = 62	5 x (irr-E6-27) + 2 x (irr-E6-78) + 1 x (irr-E6-351a) + 1 x (irr-E6-351b)
vtx-E06-915-151-65	Δ = 915	bi.bi = 151	b0.bi = 65	5 x (irr-E6-27) + 2 x (irr-E6-78) + 2 x (irr-E6-351b)
vtx-E06-917-133-61	Δ = 917	bi.bi = 133	b0.bi = 61	7 x (irr-E6-27) + 2 x (irr-E6-78) + 1 x (irr-E6-650)
vtx-E06-918-34-34	Δ = 918	bi.bi = 34	b0.bi = 34	34 x (irr-E6-27) + 1 x (irr-E6-78)
vtx-E06-918-62-44	Δ = 918	bi.bi = 62	b0.bi = 44	8 x (irr-E6-27) + 10 x (irr-E6-78)
vtx-E06-918-76-46	Δ = 918	bi.bi = 76	b0.bi = 46	21 x (irr-E6-27) + 1 x (irr-E6-78) + 1 x (irr-E6-351a)
vtx-E06-918-91-49	Δ = 918	bi.bi = 91	b0.bi = 49	21 x (irr-E6-27) + 1 x (irr-E6-78) + 1 x (irr-E6-351b)
vtx-E06-918-118-58	Δ = 918	bi.bi = 118	b0.bi = 58	8 x (irr-E6-27) + 1 x (irr-E6-78) + 2 x (irr-E6-351a)
vtx-E06-918-133-61	Δ = 918	bi.bi = 133	b0.bi = 61	8 x (irr-E6-27) + 1 x (irr-E6-78) + 1 x (irr-E6-351a) + 1 x (irr-E6-351b)
vtx-E06-918-148-64	Δ = 918	bi.bi = 148	b0.bi = 64	8 x (irr-E6-27) + 1 x (irr-E6-78) + 2 x (irr-E6-351b)
vtx-E06-920-130-60	Δ = 920	bi.bi = 130	b0.bi = 60	10 x (irr-E6-27) + 1 x (irr-E6-78) + 1 x (irr-E6-650)
vtx-E06-921-31-33	Δ = 921	bi.bi = 31	b0.bi = 33	37 x (irr-E6-27)
vtx-E06-921-59-43	Δ = 921	bi.bi = 59	b0.bi = 43	11 x (irr-E6-27) + 9 x (irr-E6-78)
vtx-E06-921-73-45	Δ = 921	bi.bi = 73	b0.bi = 45	24 x (irr-E6-27) + 1 x (irr-E6-351a)
vtx-E06-921-88-48	Δ = 921	bi.bi = 88	b0.bi = 48	24 x (irr-E6-27) + 1 x (irr-E6-351b)
vtx-E06-921-115-57	Δ = 921	bi.bi = 115	b0.bi = 57	11 x (irr-E6-27) + 2 x (irr-E6-351a)
vtx-E06-921-130-60	Δ = 921	bi.bi = 130	b0.bi = 60	11 x (irr-E6-27) + 1 x (irr-E6-351a) + 1 x (irr-E6-351b)
vtx-E06-921-145-63	Δ = 921	bi.bi = 145	b0.bi = 63	11 x (irr-E6-27) + 2 x (irr-E6-351b)
vtx-E06-923-127-59	Δ = 923	bi.bi = 127	b0.bi = 59	13 x (irr-E6-27) + 1 x (irr-E6-650)
vtx-E06-923-169-71	Δ = 923	bi.bi = 169	b0.bi = 71	1 x (irr-E6-351a) + 1 x (irr-E6-650)
vtx-E06-923-184-74	Δ = 923	bi.bi = 184	b0.bi = 74	1 x (irr-E6-351b) + 1 x (irr-E6-650)
vtx-E06-924-56-42	Δ = 924	bi.bi = 56	b0.bi = 42	14 x (irr-E6-27) + 8 x (irr-E6-78)
vtx-E06-924-98-54	Δ = 924	bi.bi = 98	b0.bi = 54	1 x (irr-E6-27) + 8 x (irr-E6-78) + 1 x (irr-E6-351a)
vtx-E06-924-113-57	Δ = 924	bi.bi = 113	b0.bi = 57	1 x (irr-E6-27) + 8 x (irr-E6-78) + 1 x (irr-E6-351b)
vtx-E06-927-53-41	Δ = 927	bi.bi = 53	b0.bi = 41	17 x (irr-E6-27) + 7 x (irr-E6-78)
vtx-E06-927-95-53	Δ = 927	bi.bi = 95	b0.bi = 53	4 x (irr-E6-27) + 7 x (irr-E6-78) + 1 x (irr-E6-351a)
vtx-E06-927-110-56	Δ = 927	bi.bi = 110	b0.bi = 56	4 x (irr-E6-27) + 7 x (irr-E6-78) + 1 x (irr-E6-351b)
vtx-E06-930-50-40	Δ = 930	bi.bi = 50	b0.bi = 40	20 x (irr-E6-27) + 6 x (irr-E6-78)
vtx-E06-930-92-52	Δ = 930	bi.bi = 92	b0.bi = 52	7 x (irr-E6-27) + 6 x (irr-E6-78) + 1 x (irr-E6-351a)
vtx-E06-930-107-55	Δ = 930	bi.bi = 107	b0.bi = 55	7 x (irr-E6-27) + 6 x (irr-E6-78) + 1 x (irr-E6-351b)
vtx-E06-933-47-39	Δ = 933	bi.bi = 47	b0.bi = 39	23 x (irr-E6-27) + 5 x (irr-E6-78)
vtx-E06-933-89-51	Δ = 933	bi.bi = 89	b0.bi = 51	10 x (irr-E6-27) + 5 x (irr-E6-78) + 1 x (irr-E6-351a)
vtx-E06-933-104-54	Δ = 933	bi.bi = 104	b0.bi = 54	10 x (irr-E6-27) + 5 x (irr-E6-78) + 1 x (irr-E6-351b)
vtx-E06-936-44-38	Δ = 936	bi.bi = 44	b0.bi = 38	26 x (irr-E6-27) + 4 x (irr-E6-78)
vtx-E06-936-72-48	Δ = 936	bi.bi = 72	b0.bi = 48	13 x (irr-E6-78)
vtx-E06-936-86-50	Δ = 936	bi.bi = 86	b0.bi = 50	13 x (irr-E6-27) + 4 x (irr-E6-78) + 1 x (irr-E6-351a)
vtx-E06-936-101-53	Δ = 936	bi.bi = 101	b0.bi = 53	13 x (irr-E6-27) + 4 x (irr-E6-78) + 1 x (irr-E6-351b)
vtx-E06-936-128-62	Δ = 936	bi.bi = 128	b0.bi = 62	4 x (irr-E6-78) + 2 x (irr-E6-351a)
vtx-E06-936-143-65	Δ = 936	bi.bi = 143	b0.bi = 65	4 x (irr-E6-78) + 1 x (irr-E6-351a) + 1 x (irr-E6-351b)
vtx-E06-936-158-68	Δ = 936	bi.bi = 158	b0.bi = 68	4 x (irr-E6-78) + 2 x (irr-E6-351b)
vtx-E06-938-140-64	Δ = 938	bi.bi = 140	b0.bi = 64	2 x (irr-E6-27) + 4 x (irr-E6-78) + 1 x (irr-E6-650)
vtx-E06-939-41-37	Δ = 939	bi.bi = 41	b0.bi = 37	29 x (irr-E6-27) + 3 x (irr-E6-78)
vtx-E06-939-69-47	Δ = 939	bi.bi = 69	b0.bi = 47	3 x (irr-E6-27) + 12 x (irr-E6-78)
vtx-E06-939-83-49	Δ = 939	bi.bi = 83	b0.bi = 49	16 x (irr-E6-27) + 3 x (irr-E6-78) + 1 x (irr-E6-351a)
vtx-E06-939-98-52	Δ = 939	bi.bi = 98	b0.bi = 52	16 x (irr-E6-27) + 3 x (irr-E6-78) + 1 x (irr-E6-351b)
vtx-E06-939-125-61	Δ = 939	bi.bi = 125	b0.bi = 61	3 x (irr-E6-27) + 3 x (irr-E6-78) + 2 x (irr-E6-351a)
vtx-E06-939-140-64	Δ = 939	bi.bi = 140	b0.bi = 64	3 x (irr-E6-27) + 3 x (irr-E6-78) + 1 x (irr-E6-351a) + 1 x (irr-E6-351b)
vtx-E06-939-155-67	Δ = 939	bi.bi = 155	b0.bi = 67	3 x (irr-E6-27) + 3 x (irr-E6-78) + 2 x (irr-E6-351b)
vtx-E06-941-137-63	Δ = 941	bi.bi = 137	b0.bi = 63	5 x (irr-E6-27) + 3 x (irr-E6-78) + 1 x (irr-E6-650)
vtx-E06-942-38-36	Δ = 942	bi.bi = 38	b0.bi = 36	32 x (irr-E6-27) + 2 x (irr-E6-78)
vtx-E06-942-66-46	Δ = 942	bi.bi = 66	b0.bi = 46	6 x (irr-E6-27) + 11 x (irr-E6-78)
vtx-E06-942-80-48	Δ = 942	bi.bi = 80	b0.bi = 48	19 x (irr-E6-27) + 2 x (irr-E6-78) + 1 x (irr-E6-351a)
vtx-E06-942-95-51	Δ = 942	bi.bi = 95	b0.bi = 51	19 x (irr-E6-27) + 2 x (irr-E6-78) + 1 x (irr-E6-351b)
vtx-E06-942-122-60	Δ = 942	bi.bi = 122	b0.bi = 60	6 x (irr-E6-27) + 2 x (irr-E6-78) + 2 x (irr-E6-351a)
vtx-E06-942-137-63	Δ = 942	bi.bi = 137	b0.bi = 63	6 x (irr-E6-27) + 2 x (irr-E6-78) + 1 x (irr-E6-351a) + 1 x (irr-E6-351b)
vtx-E06-942-152-66	Δ = 942	bi.bi = 152	b0.bi = 66	6 x (irr-E6-27) + 2 x (irr-E6-78) + 2 x (irr-E6-351b)
vtx-E06-944-134-62	Δ = 944	bi.bi = 134	b0.bi = 62	8 x (irr-E6-27) + 2 x (irr-E6-78) + 1 x (irr-E6-650)
vtx-E06-945-35-35	Δ = 945	bi.bi = 35	b0.bi = 35	35 x (irr-E6-27) + 1 x (irr-E6-78)
vtx-E06-945-63-45	Δ = 945	bi.bi = 63	b0.bi = 45	9 x (irr-E6-27) + 10 x (irr-E6-78)
vtx-E06-945-77-47	Δ = 945	bi.bi = 77	b0.bi = 47	22 x (irr-E6-27) + 1 x (irr-E6-78) + 1 x (irr-E6-351a)
vtx-E06-945-92-50	Δ = 945	bi.bi = 92	b0.bi = 50	22 x (irr-E6-27) + 1 x (irr-E6-78) + 1 x (irr-E6-351b)
vtx-E06-945-119-59	Δ = 945	bi.bi = 119	b0.bi = 59	9 x (irr-E6-27) + 1 x (irr-E6-78) + 2 x (irr-E6-351a)
vtx-E06-945-134-62	Δ = 945	bi.bi = 134	b0.bi = 62	9 x (irr-E6-27) + 1 x (irr-E6-78) + 1 x (irr-E6-351a) + 1 x (irr-E6-351b)
vtx-E06-945-149-65	Δ = 945	bi.bi = 149	b0.bi = 65	9 x (irr-E6-27) + 1 x (irr-E6-78) + 2 x (irr-E6-351b)
vtx-E06-947-131-61	Δ = 947	bi.bi = 131	b0.bi = 61	11 x (irr-E6-27) + 1 x (irr-E6-78) + 1 x (irr-E6-650)
vtx-E06-948-32-34	Δ = 948	bi.bi = 32	b0.bi = 34	38 x (irr-E6-27)
vtx-E06-948-60-44	Δ = 948	bi.bi = 60	b0.bi = 44	12 x (irr-E6-27) + 9 x (irr-E6-78)
vtx-E06-948-74-46	Δ = 948	bi.bi = 74	b0.bi = 46	25 x (irr-E6-27) + 1 x (irr-E6-351a)
vtx-E06-948-89-49	Δ = 948	bi.bi = 89	b0.bi = 49	25 x (irr-E6-27) + 1 x (irr-E6-351b)
vtx-E06-948-116-58	Δ = 948	bi.bi = 116	b0.bi = 58	12 x (irr-E6-27) + 2 x (irr-E6-351a)
vtx-E06-948-131-61	Δ = 948	bi.bi = 131	b0.bi = 61	12 x (irr-E6-27) + 1 x (irr-E6-351a) + 1 x (irr-E6-351b)
vtx-E06-948-146-64	Δ = 948	bi.bi = 146	b0.bi = 64	12 x (irr-E6-27) + 2 x (irr-E6-351b)
vtx-E06-950-128-60	Δ = 950	bi.bi = 128	b0.bi = 60	14 x (irr-E6-27) + 1 x (irr-E6-650)
vtx-E06-950-170-72	Δ = 950	bi.bi = 170	b0.bi = 72	1 x (irr-E6-27) + 1 x (irr-E6-351a) + 1 x (irr-E6-650)
vtx-E06-950-185-75	Δ = 950	bi.bi = 185	b0.bi = 75	1 x (irr-E6-27) + 1 x (irr-E6-351b) + 1 x (irr-E6-650)
vtx-E06-951-57-43	Δ = 951	bi.bi = 57	b0.bi = 43	15 x (irr-E6-27) + 8 x (irr-E6-78)
vtx-E06-951-99-55	Δ = 951	bi.bi = 99	b0.bi = 55	2 x (irr-E6-27) + 8 x (irr-E6-78) + 1 x (irr-E6-351a)
vtx-E06-951-114-58	Δ = 951	bi.bi = 114	b0.bi = 58	2 x (irr-E6-27) + 8 x (irr-E6-78) + 1 x (irr-E6-351b)
vtx-E06-954-54-42	Δ = 954	bi.bi = 54	b0.bi = 42	18 x (irr-E6-27) + 7 x (irr-E6-78)
vtx-E06-954-96-54	Δ = 954	bi.bi = 96	b0.bi = 54	5 x (irr-E6-27) + 7 x (irr-E6-78) + 1 x (irr-E6-351a)
vtx-E06-954-111-57	Δ = 954	bi.bi = 111	b0.bi = 57	5 x (irr-E6-27) + 7 x (irr-E6-78) + 1 x (irr-E6-351b)
vtx-E06-957-51-41	Δ = 957	bi.bi = 51	b0.bi = 41	21 x (irr-E6-27) + 6 x (irr-E6-78)
vtx-E06-957-93-53	Δ = 957	bi.bi = 93	b0.bi = 53	8 x (irr-E6-27) + 6 x (irr-E6-78) + 1 x (irr-E6-351a)
vtx-E06-957-108-56	Δ = 957	bi.bi = 108	b0.bi = 56	8 x (irr-E6-27) + 6 x (irr-E6-78) + 1 x (irr-E6-351b)
vtx-E06-960-48-40	Δ = 960	bi.bi = 48	b0.bi = 40	24 x (irr-E6-27) + 5 x (irr-E6-78)
vtx-E06-960-90-52	Δ = 960	bi.bi = 90	b0.bi = 52	11 x (irr-E6-27) + 5 x (irr-E6-78) + 1 x (irr-E6-351a)
vtx-E06-960-105-55	Δ = 960	bi.bi = 105	b0.bi = 55	11 x (irr-E6-27) + 5 x (irr-E6-78) + 1 x (irr-E6-351b)
vtx-E06-962-144-66	Δ = 962	bi.bi = 144	b0.bi = 66	5 x (irr-E6-78) + 1 x (irr-E6-650)
vtx-E06-963-45-39	Δ = 963	bi.bi = 45	b0.bi = 39	27 x (irr-E6-27) + 4 x (irr-E6-78)
vtx-E06-963-73-49	Δ = 963	bi.bi = 73	b0.bi = 49	1 x (irr-E6-27) + 13 x (irr-E6-78)
vtx-E06-963-87-51	Δ = 963	bi.bi = 87	b0.bi = 51	14 x (irr-E6-27) + 4 x (irr-E6-78) + 1 x (irr-E6-351a)
vtx-E06-963-102-54	Δ = 963	bi.bi = 102	b0.bi = 54	14 x (irr-E6-27) + 4 x (irr-E6-78) + 1 x (irr-E6-351b)
vtx-E06-963-129-63	Δ = 963	bi.bi = 129	b0.bi = 63	1 x (irr-E6-27) + 4 x (irr-E6-78) + 2 x (irr-E6-351a)
vtx-E06-963-144-66	Δ = 963	bi.bi = 144	b0.bi = 66	1 x (irr-E6-27) + 4 x (irr-E6-78) + 1 x (irr-E6-351a) + 1 x (irr-E6-351b)
vtx-E06-963-159-69	Δ = 963	bi.bi = 159	b0.bi = 69	1 x (irr-E6-27) + 4 x (irr-E6-78) + 2 x (irr-E6-351b)
vtx-E06-965-141-65	Δ = 965	bi.bi = 141	b0.bi = 65	3 x (irr-E6-27) + 4 x (irr-E6-78) + 1 x (irr-E6-650)
vtx-E06-966-42-38	Δ = 966	bi.bi = 42	b0.bi = 38	30 x (irr-E6-27) + 3 x (irr-E6-78)
vtx-E06-966-70-48	Δ = 966	bi.bi = 70	b0.bi = 48	4 x (irr-E6-27) + 12 x (irr-E6-78)
vtx-E06-966-84-50	Δ = 966	bi.bi = 84	b0.bi = 50	17 x (irr-E6-27) + 3 x (irr-E6-78) + 1 x (irr-E6-351a)
vtx-E06-966-99-53	Δ = 966	bi.bi = 99	b0.bi = 53	17 x (irr-E6-27) + 3 x (irr-E6-78) + 1 x (irr-E6-351b)
vtx-E06-966-126-62	Δ = 966	bi.bi = 126	b0.bi = 62	4 x (irr-E6-27) + 3 x (irr-E6-78) + 2 x (irr-E6-351a)
vtx-E06-966-141-65	Δ = 966	bi.bi = 141	b0.bi = 65	4 x (irr-E6-27) + 3 x (irr-E6-78) + 1 x (irr-E6-351a) + 1 x (irr-E6-351b)
vtx-E06-966-156-68	Δ = 966	bi.bi = 156	b0.bi = 68	4 x (irr-E6-27) + 3 x (irr-E6-78) + 2 x (irr-E6-351b)
vtx-E06-968-138-64	Δ = 968	bi.bi = 138	b0.bi = 64	6 x (irr-E6-27) + 3 x (irr-E6-78) + 1 x (irr-E6-650)
vtx-E06-969-39-37	Δ = 969	bi.bi = 39	b0.bi = 37	33 x (irr-E6-27) + 2 x (irr-E6-78)
vtx-E06-969-67-47	Δ = 969	bi.bi = 67	b0.bi = 47	7 x (irr-E6-27) + 11 x (irr-E6-78)
vtx-E06-969-81-49	Δ = 969	bi.bi = 81	b0.bi = 49	20 x (irr-E6-27) + 2 x (irr-E6-78) + 1 x (irr-E6-351a)
vtx-E06-969-96-52	Δ = 969	bi.bi = 96	b0.bi = 52	20 x (irr-E6-27) + 2 x (irr-E6-78) + 1 x (irr-E6-351b)
vtx-E06-969-123-61	Δ = 969	bi.bi = 123	b0.bi = 61	7 x (irr-E6-27) + 2 x (irr-E6-78) + 2 x (irr-E6-351a)
vtx-E06-969-138-64	Δ = 969	bi.bi = 138	b0.bi = 64	7 x (irr-E6-27) + 2 x (irr-E6-78) + 1 x (irr-E6-351a) + 1 x (irr-E6-351b)
vtx-E06-969-153-67	Δ = 969	bi.bi = 153	b0.bi = 67	7 x (irr-E6-27) + 2 x (irr-E6-78) + 2 x (irr-E6-351b)
vtx-E06-971-135-63	Δ = 971	bi.bi = 135	b0.bi = 63	9 x (irr-E6-27) + 2 x (irr-E6-78) + 1 x (irr-E6-650)
vtx-E06-972-36-36	Δ = 972	bi.bi = 36	b0.bi = 36	36 x (irr-E6-27) + 1 x (irr-E6-78)
vtx-E06-972-64-46	Δ = 972	bi.bi = 64	b0.bi = 46	10 x (irr-E6-27) + 10 x (irr-E6-78)
vtx-E06-972-78-48	Δ = 972	bi.bi = 78	b0.bi = 48	23 x (irr-E6-27) + 1 x (irr-E6-78) + 1 x (irr-E6-351a)
vtx-E06-972-93-51	Δ = 972	bi.bi = 93	b0.bi = 51	23 x (irr-E6-27) + 1 x (irr-E6-78) + 1 x (irr-E6-351b)
vtx-E06-972-120-60	Δ = 972	bi.bi = 120	b0.bi = 60	10 x (irr-E6-27) + 1 x (irr-E6-78) + 2 x (irr-E6-351a)
vtx-E06-972-135-63	Δ = 972	bi.bi = 135	b0.bi = 63	10 x (irr-E6-27) + 1 x (irr-E6-78) + 1 x (irr-E6-351a) + 1 x (irr-E6-351b)
vtx-E06-972-150-66	Δ = 972	bi.bi = 150	b0.bi = 66	10 x (irr-E6-27) + 1 x (irr-E6-78) + 2 x (irr-E6-351b)
vtx-E06-974-132-62	Δ = 974	bi.bi = 132	b0.bi = 62	12 x (irr-E6-27) + 1 x (irr-E6-78) + 1 x (irr-E6-650)
vtx-E06-975-33-35	Δ = 975	bi.bi = 33	b0.bi = 35	39 x (irr-E6-27)
vtx-E06-975-61-45	Δ = 975	bi.bi = 61	b0.bi = 45	13 x (irr-E6-27) + 9 x (irr-E6-78)
vtx-E06-975-75-47	Δ = 975	bi.bi = 75	b0.bi = 47	26 x (irr-E6-27) + 1 x (irr-E6-351a)
vtx-E06-975-90-50	Δ = 975	bi.bi = 90	b0.bi = 50	26 x (irr-E6-27) + 1 x (irr-E6-351b)
vtx-E06-975-103-57	Δ = 975	bi.bi = 103	b0.bi = 57	9 x (irr-E6-78) + 1 x (irr-E6-351a)
vtx-E06-975-117-59	Δ = 975	bi.bi = 117	b0.bi = 59	13 x (irr-E6-27) + 2 x (irr-E6-351a)
vtx-E06-975-118-60	Δ = 975	bi.bi = 118	b0.bi = 60	9 x (irr-E6-78) + 1 x (irr-E6-351b)
vtx-E06-975-132-62	Δ = 975	bi.bi = 132	b0.bi = 62	13 x (irr-E6-27) + 1 x (irr-E6-351a) + 1 x (irr-E6-351b)
vtx-E06-975-147-65	Δ = 975	bi.bi = 147	b0.bi = 65	13 x (irr-E6-27) + 2 x (irr-E6-351b)
vtx-E06-975-159-71	Δ = 975	bi.bi = 159	b0.bi = 71	3 x (irr-E6-351a)
vtx-E06-975-174-74	Δ = 975	bi.bi = 174	b0.bi = 74	2 x (irr-E6-351a) + 1 x (irr-E6-351b)
vtx-E06-975-189-77	Δ = 975	bi.bi = 189	b0.bi = 77	1 x (irr-E6-351a) + 2 x (irr-E6-351b)
vtx-E06-975-204-80	Δ = 975	bi.bi = 204	b0.bi = 80	3 x (irr-E6-351b)
vtx-E06-977-129-61	Δ = 977	bi.bi = 129	b0.bi = 61	15 x (irr-E6-27) + 1 x (irr-E6-650)
vtx-E06-977-171-73	Δ = 977	bi.bi = 171	b0.bi = 73	2 x (irr-E6-27) + 1 x (irr-E6-351a) + 1 x (irr-E6-650)
vtx-E06-977-186-76	Δ = 977	bi.bi = 186	b0.bi = 76	2 x (irr-E6-27) + 1 x (irr-E6-351b) + 1 x (irr-E6-650)
vtx-E06-978-58-44	Δ = 978	bi.bi = 58	b0.bi = 44	16 x (irr-E6-27) + 8 x (irr-E6-78)
vtx-E06-978-100-56	Δ = 978	bi.bi = 100	b0.bi = 56	3 x (irr-E6-27) + 8 x (irr-E6-78) + 1 x (irr-E6-351a)
vtx-E06-978-115-59	Δ = 978	bi.bi = 115	b0.bi = 59	3 x (irr-E6-27) + 8 x (irr-E6-78) + 1 x (irr-E6-351b)
vtx-E06-981-55-43	Δ = 981	bi.bi = 55	b0.bi = 43	19 x (irr-E6-27) + 7 x (irr-E6-78)
vtx-E06-981-97-55	Δ = 981	bi.bi = 97	b0.bi = 55	6 x (irr-E6-27) + 7 x (irr-E6-78) + 1 x (irr-E6-351a)
vtx-E06-981-112-58	Δ = 981	bi.bi = 112	b0.bi = 58	6 x (irr-E6-27) + 7 x (irr-E6-78) + 1 x (irr-E6-351b)
vtx-E06-984-52-42	Δ = 984	bi.bi = 52	b0.bi = 42	22 x (irr-E6-27) + 6 x (irr-E6-78)
vtx-E06-984-94-54	Δ = 984	bi.bi = 94	b0.bi = 54	9 x (irr-E6-27) + 6 x (irr-E6-78) + 1 x (irr-E6-351a)
vtx-E06-984-109-57	Δ = 984	bi.bi = 109	b0.bi = 57	9 x (irr-E6-27) + 6 x (irr-E6-78) + 1 x (irr-E6-351b)
vtx-E06-987-49-41	Δ = 987	bi.bi = 49	b0.bi = 41	25 x (irr-E6-27) + 5 x (irr-E6-78)
vtx-E06-987-91-53	Δ = 987	bi.bi = 91	b0.bi = 53	12 x (irr-E6-27) + 5 x (irr-E6-78) + 1 x (irr-E6-351a)
vtx-E06-987-106-56	Δ = 987	bi.bi = 106	b0.bi = 56	12 x (irr-E6-27) + 5 x (irr-E6-78) + 1 x (irr-E6-351b)
vtx-E06-989-145-67	Δ = 989	bi.bi = 145	b0.bi = 67	1 x (irr-E6-27) + 5 x (irr-E6-78) + 1 x (irr-E6-650)
vtx-E06-990-46-40	Δ = 990	bi.bi = 46	b0.bi = 40	28 x (irr-E6-27) + 4 x (irr-E6-78)
vtx-E06-990-74-50	Δ = 990	bi.bi = 74	b0.bi = 50	2 x (irr-E6-27) + 13 x (irr-E6-78)
vtx-E06-990-88-52	Δ = 990	bi.bi = 88	b0.bi = 52	15 x (irr-E6-27) + 4 x (irr-E6-78) + 1 x (irr-E6-351a)
vtx-E06-990-103-55	Δ = 990	bi.bi = 103	b0.bi = 55	15 x (irr-E6-27) + 4 x (irr-E6-78) + 1 x (irr-E6-351b)
vtx-E06-990-130-64	Δ = 990	bi.bi = 130	b0.bi = 64	2 x (irr-E6-27) + 4 x (irr-E6-78) + 2 x (irr-E6-351a)
vtx-E06-990-145-67	Δ = 990	bi.bi = 145	b0.bi = 67	2 x (irr-E6-27) + 4 x (irr-E6-78) + 1 x (irr-E6-351a) + 1 x (irr-E6-351b)
vtx-E06-990-160-70	Δ = 990	bi.bi = 160	b0.bi = 70	2 x (irr-E6-27) + 4 x (irr-E6-78) + 2 x (irr-E6-351b)
vtx-E06-992-142-66	Δ = 992	bi.bi = 142	b0.bi = 66	4 x (irr-E6-27) + 4 x (irr-E6-78) + 1 x (irr-E6-650)
vtx-E06-993-43-39	Δ = 993	bi.bi = 43	b0.bi = 39	31 x (irr-E6-27) + 3 x (irr-E6-78)
vtx-E06-993-71-49	Δ = 993	bi.bi = 71	b0.bi = 49	5 x (irr-E6-27) + 12 x (irr-E6-78)
vtx-E06-993-85-51	Δ = 993	bi.bi = 85	b0.bi = 51	18 x (irr-E6-27) + 3 x (irr-E6-78) + 1 x (irr-E6-351a)
vtx-E06-993-100-54	Δ = 993	bi.bi = 100	b0.bi = 54	18 x (irr-E6-27) + 3 x (irr-E6-78) + 1 x (irr-E6-351b)
vtx-E06-993-127-63	Δ = 993	bi.bi = 127	b0.bi = 63	5 x (irr-E6-27) + 3 x (irr-E6-78) + 2 x (irr-E6-351a)
vtx-E06-993-142-66	Δ = 993	bi.bi = 142	b0.bi = 66	5 x (irr-E6-27) + 3 x (irr-E6-78) + 1 x (irr-E6-351a) + 1 x (irr-E6-351b)
vtx-E06-993-157-69	Δ = 993	bi.bi = 157	b0.bi = 69	5 x (irr-E6-27) + 3 x (irr-E6-78) + 2 x (irr-E6-351b)
vtx-E06-995-139-65	Δ = 995	bi.bi = 139	b0.bi = 65	7 x (irr-E6-27) + 3 x (irr-E6-78) + 1 x (irr-E6-650)
vtx-E06-996-40-38	Δ = 996	bi.bi = 40	b0.bi = 38	34 x (irr-E6-27) + 2 x (irr-E6-78)
vtx-E06-996-68-48	Δ = 996	bi.bi = 68	b0.bi = 48	8 x (irr-E6-27) + 11 x (irr-E6-78)
vtx-E06-996-82-50	Δ = 996	bi.bi = 82	b0.bi = 50	21 x (irr-E6-27) + 2 x (irr-E6-78) + 1 x (irr-E6-351a)
vtx-E06-996-97-53	Δ = 996	bi.bi = 97	b0.bi = 53	21 x (irr-E6-27) + 2 x (irr-E6-78) + 1 x (irr-E6-351b)
vtx-E06-996-124-62	Δ = 996	bi.bi = 124	b0.bi = 62	8 x (irr-E6-27) + 2 x (irr-E6-78) + 2 x (irr-E6-351a)
vtx-E06-996-139-65	Δ = 996	bi.bi = 139	b0.bi = 65	8 x (irr-E6-27) + 2 x (irr-E6-78) + 1 x (irr-E6-351a) + 1 x (irr-E6-351b)
vtx-E06-996-154-68	Δ = 996	bi.bi = 154	b0.bi = 68	8 x (irr-E6-27) + 2 x (irr-E6-78) + 2 x (irr-E6-351b)
vtx-E06-998-136-64	Δ = 998	bi.bi = 136	b0.bi = 64	10 x (irr-E6-27) + 2 x (irr-E6-78) + 1 x (irr-E6-650)
vtx-E06-999-37-37	Δ = 999	bi.bi = 37	b0.bi = 37	37 x (irr-E6-27) + 1 x (irr-E6-78)
vtx-E06-999-65-47	Δ = 999	bi.bi = 65	b0.bi = 47	11 x (irr-E6-27) + 10 x (irr-E6-78)
vtx-E06-999-79-49	Δ = 999	bi.bi = 79	b0.bi = 49	24 x (irr-E6-27) + 1 x (irr-E6-78) + 1 x (irr-E6-351a)
vtx-E06-999-94-52	Δ = 999	bi.bi = 94	b0.bi = 52	24 x (irr-E6-27) + 1 x (irr-E6-78) + 1 x (irr-E6-351b)
vtx-E06-999-121-61	Δ = 999	bi.bi = 121	b0.bi = 61	11 x (irr-E6-27) + 1 x (irr-E6-78) + 2 x (irr-E6-351a)
vtx-E06-999-136-64	Δ = 999	bi.bi = 136	b0.bi = 64	11 x (irr-E6-27) + 1 x (irr-E6-78) + 1 x (irr-E6-351a) + 1 x (irr-E6-351b)
vtx-E06-999-151-67	Δ = 999	bi.bi = 151	b0.bi = 67	11 x (irr-E6-27) + 1 x (irr-E6-78) + 2 x (irr-E6-351b)
